KEGG,gene_names
ko02020,PA0033
ko02020,PA0034
NA,PA0032
NA,PA0026
NA,PA0027
NA,PA0028
NA,PA0029
ko02010,PA0030
NA,PA0031
ko00260,PA0035
ko00260,PA0036
NA,PA0037
NA,PA0038
NA,PA0039
ko05133,PA0040
ko05133,PA0041
NA,PA0043
NA,PA0044
NA,PA0045
NA,PA0046
NA,PA0047
NA,PA0048
NA,PA0049
ko00250,PA0051
NA,PA0052
NA,PA0054
NA,PA0055
NA,PA0056
NA,PA0057
NA,PA0058
NA,PA0059
NA,PA0060
NA,PA0061
NA,PA0062
NA,PA0063
NA,PA0064
ko00630,PA0065
NA,PA0066
NA,PA0067
NA,PA0068
NA,PA0069
NA,PA0070
NA,PA0071
NA,PA0072
NA,PA0073
ko02025,PA0074
ko02025,PA0075
ko02025,PA0076
ko02025,PA0077
ko03070,PA0078
ko02025,PA0079
ko03070,PA0080
ko02025,PA0081
ko02025,PA0082
ko02025,PA0083
ko02025,PA0084
ko02025,PA0085
NA,PA0086
NA,PA0087
NA,PA0088
ko02025,PA0089
ko02025,PA0090
ko03070,PA0091
NA,PA0092
NA,PA0093
NA,PA0094
ko03070,PA0095
NA,PA0096
NA,PA0097
ko00061,PA0098
NA,PA0099
NA,PA0100
NA,PA0101
ko00910,PA0102
NA,PA0103
ko00190,PA0105
ko00190,PA0106
ko00190,PA0107
ko00190,PA0108
NA,PA0109
NA,PA0110
NA,PA0111
ko00190,PA0112
ko00190,PA0113
NA,PA0114
NA,PA0115
NA,PA0116
NA,PA0117
ko00626,PA0118
ko02020,PA0119
NA,PA0120
NA,PA0121
NA,PA0122
NA,PA0123
NA,PA0124
NA,PA0125
NA,PA0127
ko01120,PA0128
NA,PA0129
ko00280,PA0130
NA,PA0131
ko00280,PA0132
NA,PA0133
ko00230,PA0134
NA,PA0136
NA,PA0137
NA,PA0138
ko04214,PA0139
NA,PA0140
ko00190,PA0141
ko00270,PA0142
ko00230,PA0143
NA,PA0144
NA,PA0145
NA,PA0146
NA,PA0147
ko00230,PA0148
NA,PA0149
NA,PA0150
NA,PA0151
NA,PA0152
ko00362,PA0153
ko00362,PA0154
NA,PA0155
NA,PA0156
NA,PA0157
ko01501,PA0158
NA,PA0159
NA,PA0162
NA,PA0163
ko00430,PA0164
NA,PA0165
NA,PA0166
NA,PA0167
ko00240,PA0168
ko02025,PA0169
NA,PA0170
NA,PA0171
NA,PA0172
ko02020,PA0173
ko02030,PA0174
ko02020,PA0175
ko02020,PA0176
ko02020,PA0177
ko02020,PA0178
ko02020,PA0179
ko02020,PA0180
NA,PA0181
ko00061,PA0182
ko00140,PA0183
ko00920,PA0184
ko00920,PA0185
ko00920,PA0186
NA,PA0187
NA,PA0188
NA,PA0189
ko00740,PA0190
NA,PA0191
NA,PA0192
NA,PA0193
ko00430,PA0194
ko00760,PA0195
ko00760,PA0195.1
ko00760,PA0196
NA,PA0197
NA,PA0198
NA,PA0199
NA,PA0200
NA,PA0201
ko00330,PA0202
ko02010,PA0203
ko02010,PA0204
ko02010,PA0205
ko02010,PA0206
ko02026,PA0207
NA,PA0208
ko02020,PA0209
NA,PA0210
NA,PA0211
NA,PA0212
NA,PA0213
NA,PA0214
NA,PA0215
NA,PA0216
NA,PA0217
NA,PA0218
ko00330,PA0219
NA,PA0220
ko00330,PA0221
ko02024,PA0222
ko00261,PA0223
ko00051,PA0224
NA,PA0225
ko00643,PA0226
ko00643,PA0227
ko00071,PA0228
NA,PA0229
ko00362,PA0230
ko00362,PA0231
ko00362,PA0232
NA,PA0233
NA,PA0234
NA,PA0235
NA,PA0236
NA,PA0237
NA,PA0238
NA,PA0239
NA,PA0240
ko02020,PA0241
ko00130,PA0242
NA,PA0243
ko00400,PA0244
ko00400,PA0245
NA,PA0246
ko00360,PA0247
NA,PA0248
NA,PA0249
NA,PA0250
NA,PA0251
NA,PA0253
ko00130,PA0254
NA,PA0255
NA,PA0257
NA,PA0258
NA,PA0259
NA,PA0260
ko03070,PA0262
ko02025,PA0263
ko00250,PA0265
ko00250,PA0266
NA,PA0267
ko00300,PA0268
NA,PA0269
NA,PA0270
NA,PA0271
NA,PA0272
NA,PA0273
NA,PA0274
ko02020,PA0275
NA,PA0276
NA,PA0277
NA,PA0278
NA,PA0279
ko00920,PA0280
ko00920,PA0281
ko00920,PA0282
ko00920,PA0283
NA,PA0284
NA,PA0285
ko01040,PA0286
NA,PA0287
ko00330,PA0288
NA,PA0289
NA,PA0290
NA,PA0291
ko00330,PA0292
ko00330,PA0293
NA,PA0294
ko02010,PA0295
ko00220,PA0296
NA,PA0297
ko00220,PA0298
ko00330,PA0299
ko02010,PA0300
ko02010,PA0301
ko02010,PA0302
ko02010,PA0303
ko02010,PA0304
ko00311,PA0305
NA,PA0306
NA,PA0307
ko00564,PA0308
NA,PA0309
NA,PA0310
NA,PA0311
NA,PA0312
ko02010,PA0313
ko02010,PA0314
NA,PA0315
ko00260,PA0316
ko00630,PA0317
NA,PA0318
NA,PA0319
NA,PA0320
NA,PA0321
NA,PA0322
ko02010,PA0323
ko02010,PA0324
ko02010,PA0325
ko02010,PA0326
NA,PA0327
NA,PA0328
NA,PA0329
ko00030,PA0330
ko00260,PA0331
NA,PA0332
NA,PA0333
NA,PA0334
NA,PA0335
ko03018,PA0336
ko02060,PA0337
NA,PA0338
NA,PA0339
NA,PA0340
NA,PA0341
ko00240,PA0342
NA,PA0343
NA,PA0344
NA,PA0345
NA,PA0346
ko00564,PA0347
NA,PA0348
NA,PA0349
ko00670,PA0350
NA,PA0351
NA,PA0352
ko00290,PA0353
NA,PA0354
NA,PA0355
NA,PA0356
ko03410,PA0357
NA,PA0358
NA,PA0359
NA,PA0360
ko00430,PA0361
NA,PA0362
ko00770,PA0363
NA,PA0364
NA,PA0365
NA,PA0366
NA,PA0367
NA,PA0368
NA,PA0370
NA,PA0371
NA,PA0372
ko02024,PA0373
ko02010,PA0374
ko02010,PA0375
NA,PA0376
NA,PA0377
ko00550,PA0378
NA,PA0379
ko04122,PA0380
ko00730,PA0381
NA,PA0382
NA,PA0383
NA,PA0384
NA,PA0385
NA,PA0386
ko00230,PA0387
NA,PA0388
NA,PA0389
ko00270,PA0390
NA,PA0391
NA,PA0392
ko00330,PA0393
NA,PA0394
NA,PA0395
NA,PA0396
NA,PA0397
NA,PA0398
ko00260,PA0399
ko00260,PA0400
ko00230,PA0401
ko00240,PA0402
ko00240,PA0403
NA,PA0404
NA,PA0405
NA,PA0406
ko00270,PA0407
ko02020,PA0408
ko02020,PA0409
ko02020,PA0410
ko02020,PA0411
ko02020,PA0412
ko02020,PA0413
ko02020,PA0414
ko02020,PA0415
NA,PA0416
NA,PA0417
NA,PA0418
NA,PA0419
ko00780,PA0420
ko00260,PA0421
NA,PA0422
NA,PA0423
ko01501,PA0424
ko01501,PA0425
ko01501,PA0426
ko01501,PA0427
ko03018,PA0428
NA,PA0429
ko00670,PA0430
ko00230,PA0431
ko00270,PA0432
NA,PA0433
NA,PA0434
NA,PA0435
NA,PA0436
ko00240,PA0437
NA,PA0438
ko00240,PA0439
ko00240,PA0440
ko00240,PA0441
NA,PA0443
ko00240,PA0444
NA,PA0445
NA,PA0446
ko00071,PA0447
NA,PA0448
NA,PA0449
NA,PA0450
NA,PA0451
NA,PA0452
NA,PA0454
NA,PA0455
NA,PA0456
NA,PA0457
NA,PA0458
ko01100,PA0459
NA,PA0460
NA,PA0461
NA,PA0462
ko02020,PA0463
ko02020,PA0464
NA,PA0465
NA,PA0466
NA,PA0467
NA,PA0468
NA,PA0469
NA,PA0470
NA,PA0471
NA,PA0472
NA,PA0473
NA,PA0474
NA,PA0475
NA,PA0476
NA,PA0477
ko00330,PA0478
NA,PA0479
ko00362,PA0480
ko00620,PA0482
NA,PA0483
NA,PA0484
NA,PA0485
NA,PA0486
NA,PA0487
NA,PA0488
NA,PA0489
NA,PA0490
NA,PA0491
NA,PA0492
NA,PA0493
ko00061,PA0494
NA,PA0495
NA,PA0496
NA,PA0497
NA,PA0498
NA,PA0499
ko00780,PA0500
ko00780,PA0501
ko00780,PA0502
ko00780,PA0503
ko00780,PA0504
NA,PA0505
NA,PA0506
NA,PA0507
NA,PA0508
NA,PA0509
ko00860,PA0510
NA,PA0511
NA,PA0512
NA,PA0513
NA,PA0514
NA,PA0515
NA,PA0516
NA,PA0517
ko00920,PA0518
ko00910,PA0519
NA,PA0520
ko00190,PA0521
NA,PA0522
ko00910,PA0523
ko00910,PA0524
NA,PA0525
NA,PA0526
NA,PA0527
NA,PA0528
NA,PA0529
ko00220,PA0530
ko00230,PA0531
NA,PA0533
ko00330,PA0534
NA,PA0535
NA,PA0536
NA,PA0537
NA,PA0538
NA,PA0539
NA,PA0540
NA,PA0541
NA,PA0542
NA,PA0543
NA,PA0544
NA,PA0545
ko00270,PA0546
NA,PA0547
ko00030,PA0548
NA,PA0549
ko00630,PA0550
ko00010,PA0551
ko00010,PA0552
NA,PA0553
NA,PA0554
ko00010,PA0555
NA,PA0556
NA,PA0557
NA,PA0558
NA,PA0559
NA,PA0560
NA,PA0562
NA,PA0563
NA,PA0564
NA,PA0565
NA,PA0566
NA,PA0567
NA,PA0568
NA,PA0569
NA,PA0570
NA,PA0571
NA,PA0572
NA,PA0573
NA,PA0574
NA,PA0575
NA,PA0576
ko03030,PA0577
NA,PA0578
ko03010,PA0579
NA,PA0580
ko00561,PA0581
ko00790,PA0582
ko00790,PA0583
ko03013,PA0584
NA,PA0585
NA,PA0586
NA,PA0587
NA,PA0588
ko00920,PA0589
ko00230,PA0590
NA,PA0591
NA,PA0592
ko00750,PA0593
NA,PA0594
NA,PA0595
ko00520,PA0596
ko00051,PA0597
NA,PA0598
NA,PA0599
ko02020,PA0600
ko02020,PA0601
ko02024,PA0602
ko02010,PA0603
ko02024,PA0604
ko02024,PA0605
ko02024,PA0606
ko00030,PA0607
ko00630,PA0608
ko00400,PA0609
NA,PA0610
NA,PA0611
NA,PA0612
NA,PA0613
NA,PA0614
NA,PA0615
NA,PA0616
NA,PA0617
NA,PA0618
NA,PA0619
NA,PA0620
NA,PA0621
NA,PA0622
NA,PA0623
NA,PA0624
NA,PA0625
NA,PA0626
NA,PA0627
NA,PA0628
NA,PA0629
NA,PA0630
NA,PA0631
NA,PA0633
NA,PA0634
NA,PA0635
NA,PA0636
NA,PA0637
NA,PA0638
NA,PA0639
NA,PA0640
NA,PA0641
NA,PA0643
NA,PA0646
NA,PA0647
ko00400,PA0649
ko00400,PA0650
ko00400,PA0651
ko02020,PA0652
NA,PA0653
ko00270,PA0654
ko00130,PA0655
NA,PA0656
NA,PA0657
NA,PA0658
NA,PA0659
ko00910,PA0660
NA,PA0661
ko00220,PA0662
NA,PA0663
NA,PA0664
NA,PA0665
NA,PA0666
NA,PA0667
ko00970,PA0668
NA,PA0669
NA,PA0670
NA,PA0671
ko00860,PA0672
NA,PA0673
NA,PA0674
NA,PA0675
NA,PA0676
ko03070,PA0677
ko03070,PA0678
ko03070,PA0679
ko03070,PA0680
ko03070,PA0681
ko03070,PA0682
ko03070,PA0683
ko03070,PA0684
ko03070,PA0685
ko03070,PA0686
ko03070,PA0687
NA,PA0688
NA,PA0689
NA,PA0690
NA,PA0691
NA,PA0692
NA,PA0693
NA,PA0694
NA,PA0695
NA,PA0696
NA,PA0697
NA,PA0698
NA,PA0699
NA,PA0701
NA,PA0702
NA,PA0703
ko00330,PA0704
NA,PA0705
NA,PA0706
NA,PA0708
ko02024,PA0709
ko00620,PA0710
NA,PA0711
NA,PA0712
NA,PA0713
NA,PA0715
NA,PA0716
NA,PA0718
NA,PA0720
NA,PA0722
NA,PA0724
NA,PA0725
NA,PA0726
NA,PA0727
NA,PA0728
NA,PA0729
ko02024,PA0730
NA,PA0731
NA,PA0732
NA,PA0733
NA,PA0734
NA,PA0735
NA,PA0736
NA,PA0738
NA,PA0739
NA,PA0740
NA,PA0741
NA,PA0742
ko00280,PA0743
NA,PA0744
NA,PA0745
ko00071,PA0746
ko00280,PA0747
ko01502,PA0749
ko03410,PA0750
NA,PA0751
ko02020,PA0752
ko02020,PA0753
ko02020,PA0754
NA,PA0755
ko02020,PA0756
ko02020,PA0757
ko00220,PA0758
NA,PA0759
NA,PA0760
ko00250,PA0761
NA,PA0762
NA,PA0763
NA,PA0764
NA,PA0765
ko01503,PA0766
ko05134,PA0767
ko02024,PA0768
NA,PA0769
ko03008,PA0770
NA,PA0771
ko03440,PA0772
ko00750,PA0773
NA,PA0774
NA,PA0775
NA,PA0776
NA,PA0777
ko05143,PA0778
ko04112,PA0779
NA,PA0780
NA,PA0781
ko00250,PA0782
NA,PA0783
ko02026,PA0784
NA,PA0785
NA,PA0786
NA,PA0787
NA,PA0788
NA,PA0789
NA,PA0790
NA,PA0791
ko00640,PA0792
ko00640,PA0793
ko00020,PA0794
ko00640,PA0795
ko00640,PA0796
NA,PA0797
NA,PA0798
NA,PA0799
NA,PA0800
NA,PA0801
NA,PA0802
NA,PA0803
NA,PA0804
NA,PA0805
NA,PA0806
ko00550,PA0807
NA,PA0808
NA,PA0809
ko00361,PA0810
NA,PA0811
NA,PA0812
NA,PA0813
NA,PA0814
NA,PA0815
NA,PA0816
NA,PA0817
NA,PA0820
NA,PA0821
NA,PA0822
NA,PA0823
NA,PA0824
NA,PA0825
NA,PA0827
NA,PA0828
NA,PA0829
NA,PA0830
NA,PA0831
ko00620,PA0832
NA,PA0833
NA,PA0834
ko00430,PA0835
ko00430,PA0836
NA,PA0837
ko00480,PA0838
NA,PA0839
NA,PA0840
NA,PA0841
NA,PA0842
ko00562,PA0844
ko00600,PA0845
NA,PA0846
NA,PA0847
ko04214,PA0848
ko00030,PA0849
NA,PA0850
ko00260,PA0851
ko05110,PA0852
NA,PA0853
ko00020,PA0854
NA,PA0855
NA,PA0856
NA,PA0857
NA,PA0858
NA,PA0859
NA,PA0860
NA,PA0861
NA,PA0862
NA,PA0863
NA,PA0864
ko00130,PA0865
NA,PA0866
NA,PA0867
NA,PA0868
NA,PA0869
ko00220,PA0870
ko00790,PA0871
ko00360,PA0872
NA,PA0873
NA,PA0874
NA,PA0875
NA,PA0876
NA,PA0877
ko00660,PA0878
ko00071,PA0879
NA,PA0880
NA,PA0881
ko00660,PA0882
ko00660,PA0883
ko02020,PA0884
ko02020,PA0885
ko02020,PA0886
ko00010,PA0887
ko02010,PA0888
ko02010,PA0889
ko02010,PA0890
NA,PA0891
ko02010,PA0892
NA,PA0893
NA,PA0894
ko00220,PA0895
ko00330,PA0896
ko00330,PA0897
ko00330,PA0898
ko00330,PA0899
NA,PA0900
ko00330,PA0901
ko00260,PA0902
ko00970,PA0903
ko00260,PA0904
ko02020,PA0905
NA,PA0906
NA,PA0907
NA,PA0908
NA,PA0909
NA,PA0912
NA,PA0913
NA,PA0914
NA,PA0915
NA,PA0916
NA,PA0917
NA,PA0918
NA,PA0919
ko01503,PA0920
NA,PA0922
NA,PA0923
NA,PA0924
NA,PA0925
NA,PA0926
ko00620,PA0927
ko02020,PA0928
ko02020,PA0929
ko02020,PA0930
ko02020,PA0931
ko00270,PA0932
NA,PA0933
ko00230,PA0934
ko00230,PA0935
NA,PA0936
NA,PA0937
NA,PA0938
NA,PA0939
NA,PA0940
NA,PA0941
NA,PA0942
NA,PA0943
ko00230,PA0944
ko00230,PA0945
NA,PA0946
NA,PA0947
NA,PA0948
ko00130,PA0949
NA,PA0950
NA,PA0951
NA,PA0952
NA,PA0953
ko00620,PA0954
NA,PA0955
ko00970,PA0956
NA,PA0957
ko01501,PA0958
NA,PA0959
NA,PA0960
NA,PA0961
NA,PA0962
ko00970,PA0963
NA,PA0964
ko03440,PA0965
ko03440,PA0966
ko03440,PA0967
ko00130,PA0968
ko01120,PA0969
NA,PA0970
NA,PA0971
NA,PA0972
NA,PA0973
NA,PA0974
ko00790,PA0975
ko00790,PA0976
NA,PA0978
NA,PA0979
NA,PA0982
NA,PA0983
NA,PA0985
NA,PA0986
NA,PA0987
NA,PA0988
NA,PA0989
NA,PA0990
NA,PA0991
NA,PA0992
NA,PA0993
ko05133,PA0994
NA,PA0995
ko00010,PA0996
ko00405,PA0997
ko00405,PA0998
ko00405,PA0999
ko00405,PA1000
ko00400,PA1001
ko00400,PA1002
ko02024,PA1003
ko00760,PA1004
NA,PA1005
ko04122,PA1006
NA,PA1007
NA,PA1008
ko02026,PA1009
ko00261,PA1010
NA,PA1011
NA,PA1012
ko00230,PA1013
NA,PA1014
NA,PA1015
NA,PA1016
NA,PA1017
NA,PA1018
NA,PA1019
NA,PA1020
NA,PA1021
NA,PA1022
NA,PA1023
ko00910,PA1024
ko01501,PA1025
NA,PA1026
ko00010,PA1027
NA,PA1028
NA,PA1030
NA,PA1031
ko00311,PA1032
NA,PA1033
NA,PA1034
NA,PA1035
NA,PA1036
NA,PA1037
NA,PA1038
NA,PA1039
NA,PA1040
NA,PA1041
NA,PA1042
NA,PA1043
NA,PA1044
NA,PA1045
NA,PA1046
NA,PA1047
NA,PA1048
ko00750,PA1049
NA,PA1050
NA,PA1051
ko00260,PA1052
NA,PA1053
ko00190,PA1054
ko00190,PA1055
ko00190,PA1056
NA,PA1057
NA,PA1058
NA,PA1059
NA,PA1060
ko00270,PA1061
NA,PA1062
NA,PA1063
NA,PA1064
NA,PA1065
NA,PA1066
NA,PA1067
ko04141,PA1068
NA,PA1069
ko02010,PA1070
ko02010,PA1071
ko02010,PA1072
ko02010,PA1073
ko02010,PA1074
NA,PA1075
NA,PA1076
ko02040,PA1077
ko02040,PA1078
ko02040,PA1079
ko02040,PA1080
ko02040,PA1081
ko02040,PA1082
ko02040,PA1083
ko02040,PA1084
NA,PA1085
ko02040,PA1086
ko02040,PA1087
NA,PA1088
ko00260,PA1089
NA,PA1090
NA,PA1091
ko02020,PA1092
NA,PA1093
ko02040,PA1094
ko02040,PA1095
NA,PA1096
ko02020,PA1097
ko02020,PA1098
ko02020,PA1099
ko02040,PA1100
ko02040,PA1101
ko02030,PA1102
ko02040,PA1103
ko02040,PA1104
ko02040,PA1105
NA,PA1106
ko02025,PA1107
NA,PA1108
NA,PA1109
NA,PA1110
NA,PA1111
NA,PA1112
ko02010,PA1113
NA,PA1114
NA,PA1115
NA,PA1116
NA,PA1117
NA,PA1118
NA,PA1119
ko02025,PA1120
NA,PA1121
NA,PA1123
ko00230,PA1124
NA,PA1125
NA,PA1126
ko00640,PA1127
NA,PA1128
NA,PA1129
ko02024,PA1130
NA,PA1131
NA,PA1132
NA,PA1133
NA,PA1134
ko00620,PA1135
ko02020,PA1136
NA,PA1137
NA,PA1138
NA,PA1139
ko00230,PA1140
NA,PA1141
NA,PA1142
NA,PA1143
ko02020,PA1144
NA,PA1145
ko00010,PA1146
NA,PA1147
NA,PA1148
NA,PA1149
NA,PA1150
NA,PA1151
NA,PA1152
NA,PA1153
NA,PA1154
ko00230,PA1155
ko00230,PA1156
ko02020,PA1157
ko02020,PA1158
NA,PA1159
NA,PA1160
NA,PA1161
ko00300,PA1162
NA,PA1163
NA,PA1164
ko01053,PA1165
NA,PA1166
NA,PA1167
NA,PA1168
ko00590,PA1169
NA,PA1170
ko00010,PA1171
ko02020,PA1172
ko00910,PA1173
ko00910,PA1174
NA,PA1175
NA,PA1176
NA,PA1177
NA,PA1178
ko01503,PA1179
ko01503,PA1180
ko02026,PA1181
NA,PA1182
ko02020,PA1183
ko02026,PA1184
NA,PA1185
NA,PA1186
ko00071,PA1187
NA,PA1188
NA,PA1189
NA,PA1190
NA,PA1191
NA,PA1192
NA,PA1193
NA,PA1194
NA,PA1195
NA,PA1196
NA,PA1197
NA,PA1198
NA,PA1199
ko00360,PA1200
NA,PA1201
NA,PA1202
NA,PA1203
NA,PA1204
NA,PA1205
NA,PA1206
NA,PA1207
NA,PA1208
NA,PA1209
NA,PA1210
ko00330,PA1211
NA,PA1212
NA,PA1213
NA,PA1214
NA,PA1215
NA,PA1216
ko00290,PA1217
NA,PA1218
NA,PA1219
NA,PA1220
NA,PA1221
NA,PA1222
NA,PA1223
ko00130,PA1224
ko00130,PA1225
NA,PA1226
NA,PA1227
NA,PA1229
NA,PA1230
NA,PA1231
NA,PA1232
NA,PA1233
NA,PA1234
NA,PA1235
NA,PA1236
NA,PA1237
NA,PA1238
NA,PA1239
NA,PA1240
NA,PA1241
NA,PA1242
NA,PA1243
NA,PA1244
NA,PA1245
ko02010,PA1246
NA,PA1247
NA,PA1248
ko01503,PA1249
NA,PA1250
ko02020,PA1251
ko00270,PA1252
ko00040,PA1253
ko00261,PA1254
NA,PA1255
ko02010,PA1256
NA,PA1257
NA,PA1258
NA,PA1259
NA,PA1260
NA,PA1261
NA,PA1262
NA,PA1263
NA,PA1264
NA,PA1265
NA,PA1266
ko00330,PA1267
ko00330,PA1268
NA,PA1269
NA,PA1270
NA,PA1271
ko00860,PA1272
ko00860,PA1273
ko00740,PA1274
ko00860,PA1275
ko00340,PA1276
ko00860,PA1277
ko00860,PA1278
ko00860,PA1279
ko00010,PA1280
ko00860,PA1281
NA,PA1282
NA,PA1283
NA,PA1284
NA,PA1285
NA,PA1286
ko00480,PA1287
NA,PA1288
NA,PA1289
NA,PA1290
NA,PA1291
ko00270,PA1292
NA,PA1293
NA,PA1294
NA,PA1295
NA,PA1296
NA,PA1297
NA,PA1298
NA,PA1299
NA,PA1300
NA,PA1301
NA,PA1302
ko02024,PA1303
ko05142,PA1304
NA,PA1305
NA,PA1306
NA,PA1307
NA,PA1308
NA,PA1309
ko00230,PA1310
ko00440,PA1311
NA,PA1312
NA,PA1313
NA,PA1314
NA,PA1315
NA,PA1316
ko00190,PA1317
ko00190,PA1318
ko00190,PA1319
ko00190,PA1320
ko00190,PA1321
NA,PA1322
NA,PA1323
NA,PA1324
NA,PA1325
ko00260,PA1326
ko04210,PA1327
NA,PA1328
NA,PA1329
NA,PA1330
NA,PA1331
ko00633,PA1334
ko02020,PA1335
ko02020,PA1336
ko00220,PA1337
ko00430,PA1338
ko02010,PA1339
ko02010,PA1340
ko02010,PA1341
ko02010,PA1342
NA,PA1343
NA,PA1344
NA,PA1345
ko00330,PA1346
NA,PA1347
NA,PA1349
NA,PA1350
NA,PA1351
NA,PA1352
NA,PA1353
NA,PA1354
NA,PA1355
NA,PA1356
NA,PA1357
NA,PA1358
NA,PA1359
NA,PA1360
NA,PA1361
NA,PA1363
NA,PA1364
NA,PA1365
NA,PA1366
NA,PA1367
NA,PA1368
NA,PA1370
NA,PA1372
ko00061,PA1373
NA,PA1374
ko00750,PA1375
NA,PA1376
NA,PA1377
NA,PA1379
NA,PA1380
ko03070,PA1382
NA,PA1383
ko00052,PA1384
ko02025,PA1385
ko02010,PA1386
NA,PA1387
NA,PA1388
NA,PA1389
NA,PA1390
NA,PA1391
NA,PA1392
ko00230,PA1393
NA,PA1395
NA,PA1396
NA,PA1397
NA,PA1399
NA,PA1400
NA,PA1401
NA,PA1402
NA,PA1403
NA,PA1404
NA,PA1405
NA,PA1406
NA,PA1407
NA,PA1408
NA,PA1409
ko02010,PA1410
NA,PA1411
NA,PA1412
NA,PA1413
NA,PA1414
NA,PA1415
ko00630,PA1416
ko00290,PA1417
NA,PA1418
NA,PA1419
NA,PA1420
ko00330,PA1421
NA,PA1422
ko02020,PA1423
NA,PA1424
NA,PA1425
NA,PA1428
NA,PA1429
ko02024,PA1430
NA,PA1431
ko00270,PA1432
NA,PA1433
NA,PA1434
NA,PA1435
NA,PA1436
ko02020,PA1437
ko02020,PA1438
NA,PA1439
NA,PA1440
ko02040,PA1441
NA,PA1442
ko02030,PA1443
ko02030,PA1444
ko02040,PA1445
ko02040,PA1446
ko02040,PA1447
ko02040,PA1448
ko02040,PA1449
NA,PA1450
NA,PA1451
ko02040,PA1452
NA,PA1453
NA,PA1454
ko02020,PA1455
ko02020,PA1456
ko02030,PA1457
ko02020,PA1458
ko02020,PA1459
ko02020,PA1460
ko02030,PA1461
NA,PA1462
ko02020,PA1463
ko02020,PA1464
NA,PA1465
ko00480,PA1466
NA,PA1467
NA,PA1468
NA,PA1469
ko00061,PA1470
NA,PA1471
NA,PA1472
NA,PA1473
NA,PA1474
ko02010,PA1475
ko02010,PA1476
ko02010,PA1477
ko02010,PA1478
NA,PA1479
NA,PA1480
NA,PA1481
NA,PA1482
NA,PA1483
NA,PA1484
NA,PA1485
NA,PA1486
ko00561,PA1487
NA,PA1488
ko00564,PA1489
NA,PA1490
NA,PA1491
NA,PA1492
ko00920,PA1493
NA,PA1494
NA,PA1495
NA,PA1496
NA,PA1497
ko00010,PA1498
ko00030,PA1499
ko00630,PA1500
ko00630,PA1501
ko00630,PA1502
NA,PA1503
NA,PA1504
ko00790,PA1505
NA,PA1506
NA,PA1507
NA,PA1508
NA,PA1509
NA,PA1510
ko03070,PA1511
ko02025,PA1512
NA,PA1513
ko00230,PA1514
ko00230,PA1515
NA,PA1516
ko00230,PA1517
ko00230,PA1518
NA,PA1519
NA,PA1520
ko00230,PA1521
NA,PA1522
ko00230,PA1523
ko00230,PA1524
ko00071,PA1525
NA,PA1526
NA,PA1527
NA,PA1528
ko03030,PA1529
NA,PA1530
NA,PA1531
ko00230,PA1532
NA,PA1533
ko03440,PA1534
ko00071,PA1535
NA,PA1536
ko00071,PA1537
ko00930,PA1538
NA,PA1539
NA,PA1540
NA,PA1541
NA,PA1542
ko00230,PA1543
NA,PA1544
NA,PA1545
ko00860,PA1546
NA,PA1547
NA,PA1548
NA,PA1549
NA,PA1550
NA,PA1551
ko00190,PA1552
ko00190,PA1553
ko00190,PA1554
ko00190,PA1555
ko00190,PA1556
ko00190,PA1557
NA,PA1558
NA,PA1560
ko02020,PA1561
ko00020,PA1562
NA,PA1563
ko04122,PA1564
NA,PA1565
ko00220,PA1566
NA,PA1567
NA,PA1568
ko02020,PA1569
NA,PA1570
NA,PA1571
NA,PA1572
NA,PA1573
ko00230,PA1574
NA,PA1575
ko00280,PA1576
NA,PA1577
NA,PA1578
NA,PA1579
ko00020,PA1580
ko00020,PA1581
ko00020,PA1582
ko00020,PA1583
ko00020,PA1584
ko00020,PA1585
ko00020,PA1586
ko00010,PA1587
ko00020,PA1588
ko00020,PA1589
NA,PA1590
NA,PA1591
NA,PA1593
NA,PA1594
NA,PA1595
ko04141,PA1596
NA,PA1597
ko00770,PA1598
NA,PA1599
NA,PA1600
NA,PA1601
ko00760,PA1602
NA,PA1603
NA,PA1604
NA,PA1605
NA,PA1606
NA,PA1607
ko02020,PA1608
ko00061,PA1609
ko00061,PA1610
ko02020,PA1611
NA,PA1612
NA,PA1613
ko00564,PA1614
NA,PA1615
NA,PA1616
NA,PA1617
ko00130,PA1618
NA,PA1619
NA,PA1620
NA,PA1621
NA,PA1622
NA,PA1623
NA,PA1624
NA,PA1625
NA,PA1626
NA,PA1627
ko00360,PA1628
ko00071,PA1629
NA,PA1630
ko00930,PA1631
ko02020,PA1633
ko02020,PA1634
ko02020,PA1635
ko02020,PA1636
ko02020,PA1637
ko00220,PA1638
NA,PA1639
NA,PA1640
NA,PA1641
ko00450,PA1642
NA,PA1643
NA,PA1644
NA,PA1645
ko02020,PA1646
NA,PA1647
NA,PA1648
NA,PA1649
NA,PA1650
NA,PA1651
NA,PA1652
NA,PA1653
NA,PA1654
ko00480,PA1655
NA,PA1656
ko02025,PA1657
ko02025,PA1658
NA,PA1659
NA,PA1660
ko02025,PA1661
ko02025,PA1662
NA,PA1663
NA,PA1664
NA,PA1665
ko03070,PA1666
ko02025,PA1667
ko03070,PA1668
ko02025,PA1669
ko02025,PA1670
NA,PA1671
NA,PA1672
NA,PA1673
ko00790,PA1674
NA,PA1675
NA,PA1676
NA,PA1677
NA,PA1678
NA,PA1679
NA,PA1680
ko00400,PA1681
NA,PA1682
ko00270,PA1683
ko00270,PA1684
ko00270,PA1685
ko03410,PA1686
ko00270,PA1687
NA,PA1688
NA,PA1689
ko03070,PA1690
ko03070,PA1691
ko03070,PA1692
ko03070,PA1693
ko03070,PA1694
ko03070,PA1695
ko03070,PA1696
ko03070,PA1697
ko03070,PA1698
NA,PA1699
NA,PA1700
ko03070,PA1701
NA,PA1702
ko03070,PA1703
NA,PA1704
NA,PA1705
NA,PA1706
NA,PA1707
NA,PA1708
NA,PA1709
NA,PA1710
NA,PA1712
ko02025,PA1713
NA,PA1714
NA,PA1715
ko03070,PA1716
NA,PA1717
ko03070,PA1719
NA,PA1720
NA,PA1721
NA,PA1722
ko03070,PA1723
NA,PA1724
ko03070,PA1725
ko00460,PA1726
ko02025,PA1727
NA,PA1728
NA,PA1729
NA,PA1730
NA,PA1731
NA,PA1732
NA,PA1733
NA,PA1734
NA,PA1735
ko00071,PA1736
ko00071,PA1737
NA,PA1738
NA,PA1739
NA,PA1740
NA,PA1741
ko00230,PA1742
NA,PA1743
NA,PA1745
NA,PA1746
ko00071,PA1748
NA,PA1749
ko00400,PA1750
NA,PA1751
ko00770,PA1752
NA,PA1753
NA,PA1754
NA,PA1755
ko00920,PA1756
ko00260,PA1757
ko00790,PA1758
NA,PA1759
NA,PA1760
NA,PA1761
NA,PA1762
NA,PA1763
NA,PA1764
NA,PA1765
NA,PA1766
NA,PA1767
NA,PA1768
NA,PA1769
ko00620,PA1770
NA,PA1771
NA,PA1772
NA,PA1773
NA,PA1774
NA,PA1775
NA,PA1776
NA,PA1777
ko00860,PA1778
ko00910,PA1779
ko00910,PA1780
ko00071,PA1781
NA,PA1782
ko00910,PA1783
ko00051,PA1784
NA,PA1785
ko00910,PA1786
ko00020,PA1787
NA,PA1788
NA,PA1789
NA,PA1790
NA,PA1791
ko00540,PA1792
NA,PA1793
ko00970,PA1794
ko00970,PA1795
ko00670,PA1796
NA,PA1797
ko01501,PA1798
ko01501,PA1799
NA,PA1800
ko04112,PA1801
ko04112,PA1802
ko04112,PA1803
NA,PA1804
NA,PA1805
ko00061,PA1806
ko02010,PA1807
ko02010,PA1808
ko02010,PA1809
ko02010,PA1810
ko02010,PA1811
NA,PA1812
ko00620,PA1813
NA,PA1814
ko03030,PA1815
ko00230,PA1816
NA,PA1817
ko00310,PA1818
NA,PA1819
NA,PA1820
ko00071,PA1821
NA,PA1822
ko00760,PA1823
NA,PA1824
NA,PA1825
NA,PA1826
ko00061,PA1827
NA,PA1828
NA,PA1829
NA,PA1830
NA,PA1831
NA,PA1832
ko00010,PA1833
NA,PA1835
NA,PA1836
NA,PA1837
ko00920,PA1838
NA,PA1839
NA,PA1840
NA,PA1841
NA,PA1842
ko00270,PA1843
NA,PA1844
NA,PA1845
NA,PA1846
NA,PA1847
NA,PA1848
NA,PA1849
NA,PA1850
NA,PA1851
NA,PA1852
NA,PA1853
NA,PA1854
ko00190,PA1856
NA,PA1857
NA,PA1858
NA,PA1859
NA,PA1860
ko02010,PA1861
ko02010,PA1862
ko02010,PA1863
NA,PA1864
NA,PA1865
ko03022,PA1866
ko03070,PA1867
ko03070,PA1868
NA,PA1869
NA,PA1870
ko02024,PA1871
NA,PA1872
NA,PA1873
ko02024,PA1874
NA,PA1875
ko02010,PA1876
NA,PA1877
NA,PA1878
NA,PA1879
NA,PA1880
ko00760,PA1881
NA,PA1882
ko00190,PA1883
NA,PA1884
NA,PA1885
NA,PA1886
NA,PA1889
ko00480,PA1890
NA,PA1892
ko00311,PA1893
NA,PA1894
NA,PA1895
NA,PA1896
NA,PA1897
ko02020,PA1898
ko00405,PA1899
ko00405,PA1900
ko00400,PA1901
ko00405,PA1902
ko00405,PA1903
ko00405,PA1904
ko00405,PA1905
NA,PA1906
NA,PA1907
NA,PA1908
NA,PA1909
NA,PA1910
NA,PA1911
NA,PA1912
NA,PA1913
NA,PA1914
NA,PA1915
NA,PA1916
NA,PA1917
NA,PA1918
NA,PA1919
ko00230,PA1920
NA,PA1921
ko02020,PA1922
ko00860,PA1923
NA,PA1924
NA,PA1925
NA,PA1926
ko00270,PA1927
NA,PA1928
NA,PA1929
ko02020,PA1930
ko00230,PA1931
ko00230,PA1932
ko00230,PA1933
NA,PA1934
ko03420,PA1935
NA,PA1937
NA,PA1938
NA,PA1939
NA,PA1940
NA,PA1941
NA,PA1942
NA,PA1943
NA,PA1944
NA,PA1945
ko02010,PA1946
ko02010,PA1947
ko02010,PA1948
NA,PA1949
ko00030,PA1950
NA,PA1951
NA,PA1952
NA,PA1953
NA,PA1954
NA,PA1955
NA,PA1956
NA,PA1957
NA,PA1958
ko00550,PA1959
NA,PA1960
NA,PA1961
NA,PA1962
NA,PA1964
ko00350,PA1966
NA,PA1967
NA,PA1968
NA,PA1969
NA,PA1971
ko00540,PA1972
NA,PA1973
NA,PA1974
NA,PA1975
ko02020,PA1976
NA,PA1977
ko02020,PA1978
ko02020,PA1979
NA,PA1980
NA,PA1981
ko00010,PA1982
NA,PA1983
ko00010,PA1984
NA,PA1986
NA,PA1987
NA,PA1988
NA,PA1989
NA,PA1990
NA,PA1991
NA,PA1992
NA,PA1993
NA,PA1994
NA,PA1995
NA,PA1996
ko00280,PA1997
NA,PA1998
ko00072,PA1999
ko00072,PA2000
ko00071,PA2001
ko02020,PA2002
ko00072,PA2003
NA,PA2004
NA,PA2005
NA,PA2006
ko00350,PA2007
ko00350,PA2008
ko00350,PA2009
NA,PA2010
ko00072,PA2011
ko00280,PA2012
ko00280,PA2013
ko00280,PA2014
ko00280,PA2015
NA,PA2016
NA,PA2017
ko01501,PA2018
ko01501,PA2019
ko01501,PA2020
NA,PA2021
ko00040,PA2022
ko00040,PA2023
NA,PA2024
ko00480,PA2025
NA,PA2026
NA,PA2027
NA,PA2028
NA,PA2029
NA,PA2032
NA,PA2033
NA,PA2034
ko00290,PA2035
NA,PA2037
NA,PA2038
NA,PA2039
ko00220,PA2040
NA,PA2041
NA,PA2042
NA,PA2043
NA,PA2044
NA,PA2045
NA,PA2047
NA,PA2048
NA,PA2049
NA,PA2050
NA,PA2051
ko00910,PA2052
ko00910,PA2053
NA,PA2054
NA,PA2055
NA,PA2056
NA,PA2057
ko02010,PA2058
ko02010,PA2059
ko02010,PA2060
ko01501,PA2061
ko00730,PA2062
NA,PA2063
NA,PA2064
NA,PA2065
NA,PA2066
NA,PA2067
ko00330,PA2068
NA,PA2069
NA,PA2070
NA,PA2071
NA,PA2072
NA,PA2073
NA,PA2074
NA,PA2075
NA,PA2076
NA,PA2077
NA,PA2078
NA,PA2079
ko00380,PA2080
ko00380,PA2081
NA,PA2082
NA,PA2083
ko00250,PA2084
ko00360,PA2085
ko00361,PA2086
NA,PA2087
NA,PA2088
NA,PA2089
NA,PA2090
NA,PA2091
NA,PA2092
NA,PA2093
NA,PA2094
NA,PA2095
NA,PA2096
NA,PA2097
ko00903,PA2098
NA,PA2099
NA,PA2100
NA,PA2101
NA,PA2102
ko04122,PA2103
ko00270,PA2104
ko00270,PA2105
NA,PA2106
ko00620,PA2108
NA,PA2109
ko00220,PA2110
NA,PA2111
NA,PA2112
NA,PA2113
NA,PA2114
NA,PA2115
NA,PA2116
NA,PA2117
NA,PA2118
ko00640,PA2119
NA,PA2120
NA,PA2121
NA,PA2122
NA,PA2123
ko00260,PA2124
NA,PA2125
NA,PA2126
NA,PA2127
ko05133,PA2128
NA,PA2129
ko05133,PA2130
NA,PA2131
NA,PA2132
NA,PA2133
NA,PA2134
NA,PA2135
NA,PA2136
NA,PA2137
ko03450,PA2138
NA,PA2140
NA,PA2141
NA,PA2142
NA,PA2143
ko00500,PA2144
NA,PA2145
NA,PA2146
ko00380,PA2147
NA,PA2148
NA,PA2149
ko03450,PA2150
ko00500,PA2151
ko00500,PA2152
ko00500,PA2153
NA,PA2154
ko00564,PA2155
NA,PA2156
NA,PA2157
NA,PA2158
NA,PA2159
ko00500,PA2160
NA,PA2161
ko00500,PA2162
ko00500,PA2163
ko00500,PA2164
ko00500,PA2165
NA,PA2166
NA,PA2167
NA,PA2168
NA,PA2169
NA,PA2170
NA,PA2171
NA,PA2172
NA,PA2173
NA,PA2175
NA,PA2176
NA,PA2177
NA,PA2178
NA,PA2179
NA,PA2180
NA,PA2181
NA,PA2183
NA,PA2184
NA,PA2185
NA,PA2187
NA,PA2188
NA,PA2189
NA,PA2190
NA,PA2191
NA,PA2192
ko00460,PA2193
NA,PA2194
ko00460,PA2195
NA,PA2196
NA,PA2197
NA,PA2198
NA,PA2199
NA,PA2200
NA,PA2201
NA,PA2202
NA,PA2203
NA,PA2204
NA,PA2205
NA,PA2206
ko02020,PA2207
NA,PA2208
NA,PA2209
NA,PA2210
NA,PA2211
ko00750,PA2212
NA,PA2213
NA,PA2214
NA,PA2215
NA,PA2216
ko00040,PA2217
NA,PA2218
NA,PA2219
NA,PA2220
NA,PA2221
ko00680,PA2223
NA,PA2227
NA,PA2228
NA,PA2229
NA,PA2230
ko02025,PA2231
ko00051,PA2232
ko02025,PA2233
ko02025,PA2234
ko02025,PA2235
ko02025,PA2236
ko02025,PA2237
ko02025,PA2238
ko02025,PA2239
ko02025,PA2240
ko02025,PA2241
ko02025,PA2242
ko00020,PA2243
NA,PA2244
NA,PA2246
ko00280,PA2247
ko00280,PA2248
ko00280,PA2249
ko00010,PA2250
NA,PA2251
NA,PA2252
ko00250,PA2253
NA,PA2254
NA,PA2255
ko00350,PA2256
NA,PA2257
NA,PA2258
NA,PA2259
NA,PA2260
ko00030,PA2261
NA,PA2262
ko00030,PA2263
ko00030,PA2264
ko00030,PA2265
NA,PA2266
NA,PA2267
ko00240,PA2268
NA,PA2269
NA,PA2270
NA,PA2271
ko00550,PA2272
NA,PA2273
NA,PA2274
NA,PA2275
NA,PA2276
NA,PA2277
NA,PA2278
NA,PA2279
NA,PA2280
NA,PA2281
NA,PA2282
NA,PA2283
NA,PA2285
NA,PA2286
NA,PA2289
ko00030,PA2290
NA,PA2291
NA,PA2292
NA,PA2293
ko00910,PA2294
NA,PA2295
NA,PA2296
NA,PA2297
NA,PA2298
NA,PA2299
ko00520,PA2300
NA,PA2301
ko01053,PA2302
NA,PA2303
NA,PA2304
ko01053,PA2305
NA,PA2306
NA,PA2307
NA,PA2308
NA,PA2309
ko00430,PA2310
NA,PA2311
NA,PA2312
NA,PA2313
NA,PA2314
NA,PA2315
NA,PA2316
ko00330,PA2317
NA,PA2318
NA,PA2319
NA,PA2320
ko00030,PA2321
NA,PA2322
ko00010,PA2323
NA,PA2324
NA,PA2325
NA,PA2326
ko00910,PA2327
NA,PA2328
NA,PA2329
NA,PA2330
NA,PA2331
NA,PA2332
NA,PA2333
NA,PA2334
NA,PA2335
NA,PA2336
NA,PA2337
ko02010,PA2338
ko02010,PA2339
ko02010,PA2340
ko02010,PA2341
ko00040,PA2342
ko00040,PA2343
ko00051,PA2344
ko00920,PA2345
NA,PA2346
NA,PA2347
NA,PA2348
ko02010,PA2349
ko02010,PA2350
ko02010,PA2351
ko00564,PA2352
NA,PA2353
NA,PA2354
NA,PA2355
ko00920,PA2356
ko00740,PA2357
NA,PA2359
ko02025,PA2360
ko02025,PA2361
ko03070,PA2362
ko02025,PA2363
NA,PA2364
ko02025,PA2365
ko02025,PA2366
ko02025,PA2367
NA,PA2368
NA,PA2369
ko02025,PA2370
ko02025,PA2371
ko03070,PA2373
NA,PA2374
NA,PA2375
NA,PA2376
NA,PA2377
NA,PA2378
ko00760,PA2379
NA,PA2380
ko00620,PA2382
NA,PA2383
NA,PA2384
NA,PA2385
NA,PA2386
NA,PA2387
NA,PA2388
NA,PA2389
ko02010,PA2390
NA,PA2391
NA,PA2392
NA,PA2393
ko00311,PA2394
NA,PA2395
NA,PA2396
ko02010,PA2397
NA,PA2398
NA,PA2399
NA,PA2400
NA,PA2402
NA,PA2403
NA,PA2404
NA,PA2405
NA,PA2406
ko02010,PA2407
ko02010,PA2408
ko02010,PA2409
NA,PA2410
ko00061,PA2411
ko00261,PA2412
ko00260,PA2413
NA,PA2414
NA,PA2415
ko00500,PA2416
NA,PA2417
NA,PA2418
NA,PA2419
NA,PA2420
NA,PA2421
NA,PA2423
NA,PA2424
NA,PA2425
NA,PA2426
ko00190,PA2428
NA,PA2430
NA,PA2431
NA,PA2432
NA,PA2433
NA,PA2434
NA,PA2435
NA,PA2436
NA,PA2437
NA,PA2438
NA,PA2439
NA,PA2440
ko00260,PA2442
ko00260,PA2443
ko00260,PA2444
ko00260,PA2445
ko00260,PA2446
NA,PA2447
NA,PA2448
NA,PA2449
NA,PA2450
NA,PA2452
NA,PA2453
NA,PA2454
NA,PA2455
NA,PA2457
NA,PA2458
NA,PA2459
ko05133,PA2462
ko05133,PA2463
NA,PA2464
NA,PA2465
NA,PA2466
NA,PA2467
NA,PA2468
NA,PA2469
ko00350,PA2470
ko00350,PA2471
NA,PA2472
ko00350,PA2473
NA,PA2474
NA,PA2475
NA,PA2476
NA,PA2477
NA,PA2478
ko02020,PA2479
NA,PA2480
NA,PA2481
NA,PA2482
NA,PA2483
NA,PA2484
NA,PA2487
NA,PA2488
NA,PA2489
NA,PA2490
NA,PA2491
NA,PA2492
NA,PA2493
NA,PA2494
NA,PA2495
NA,PA2496
NA,PA2497
NA,PA2498
NA,PA2499
NA,PA2500
NA,PA2501
NA,PA2502
NA,PA2503
NA,PA2504
NA,PA2505
ko00361,PA2507
ko00362,PA2508
ko00361,PA2509
NA,PA2510
NA,PA2511
ko00627,PA2512
ko00627,PA2513
ko00627,PA2514
ko00362,PA2515
ko00362,PA2516
ko00362,PA2517
ko00362,PA2518
NA,PA2519
NA,PA2520
NA,PA2521
NA,PA2522
ko02020,PA2523
ko02020,PA2524
NA,PA2525
ko02020,PA2526
ko02020,PA2527
ko02020,PA2528
NA,PA2529
NA,PA2530
ko00340,PA2531
NA,PA2532
NA,PA2533
NA,PA2534
NA,PA2535
ko00564,PA2536
NA,PA2537
NA,PA2538
NA,PA2539
NA,PA2540
ko00564,PA2541
NA,PA2542
NA,PA2543
NA,PA2544
ko03410,PA2545
NA,PA2546
NA,PA2547
ko02010,PA2548
NA,PA2549
ko00071,PA2550
NA,PA2551
NA,PA2552
ko00071,PA2553
NA,PA2554
ko00010,PA2555
NA,PA2556
NA,PA2557
NA,PA2558
NA,PA2560
ko02020,PA2561
NA,PA2562
NA,PA2563
NA,PA2564
NA,PA2565
ko00920,PA2566
ko05111,PA2567
NA,PA2568
ko02024,PA2570
NA,PA2571
NA,PA2572
ko02020,PA2573
ko00071,PA2574
NA,PA2575
NA,PA2576
NA,PA2577
NA,PA2578
ko00380,PA2579
NA,PA2580
NA,PA2581
NA,PA2582
ko02020,PA2583
ko00564,PA2584
ko03420,PA2585
ko02020,PA2586
ko00405,PA2587
NA,PA2588
NA,PA2589
NA,PA2590
NA,PA2591
ko02010,PA2592
NA,PA2593
ko00920,PA2594
ko00920,PA2595
ko00920,PA2596
NA,PA2597
ko00920,PA2598
NA,PA2599
ko00920,PA2600
NA,PA2601
NA,PA2602
NA,PA2603
NA,PA2604
ko04122,PA2605
ko04122,PA2606
ko04122,PA2607
ko04122,PA2608
NA,PA2609
NA,PA2610
ko00860,PA2611
ko00970,PA2612
NA,PA2613
NA,PA2614
NA,PA2615
ko00030,PA2616
NA,PA2617
NA,PA2618
NA,PA2619
NA,PA2620
NA,PA2621
NA,PA2622
ko00020,PA2623
ko00020,PA2624
NA,PA2625
ko04122,PA2626
NA,PA2627
NA,PA2628
ko00230,PA2629
NA,PA2630
NA,PA2631
NA,PA2632
NA,PA2633
ko00630,PA2634
NA,PA2635
NA,PA2636
ko00190,PA2637
ko00190,PA2638
ko00190,PA2639
ko00190,PA2640
ko00190,PA2641
ko00190,PA2642
ko00190,PA2643
ko00190,PA2644
ko00190,PA2645
ko00190,PA2646
ko00190,PA2647
ko00190,PA2648
ko00190,PA2649
NA,PA2650
NA,PA2651
ko02020,PA2652
NA,PA2653
ko02020,PA2654
NA,PA2656
NA,PA2657
NA,PA2658
NA,PA2659
NA,PA2660
NA,PA2661
NA,PA2662
NA,PA2663
ko05132,PA2664
ko05132,PA2665
ko00790,PA2666
NA,PA2667
NA,PA2669
NA,PA2670
ko03070,PA2671
ko02020,PA2672
ko03070,PA2673
ko03070,PA2674
ko03070,PA2675
ko03070,PA2676
ko03070,PA2677
ko02010,PA2678
NA,PA2679
NA,PA2680
NA,PA2681
ko00361,PA2682
ko00260,PA2683
NA,PA2684
ko03070,PA2685
ko02020,PA2686
ko02020,PA2687
ko02020,PA2688
NA,PA2689
NA,PA2690
ko00190,PA2691
NA,PA2692
ko01040,PA2693
ko04621,PA2694
NA,PA2695
NA,PA2696
NA,PA2697
NA,PA2698
NA,PA2699
NA,PA2700
NA,PA2701
NA,PA2702
NA,PA2703
NA,PA2704
NA,PA2705
NA,PA2706
NA,PA2707
NA,PA2708
ko00270,PA2709
NA,PA2710
ko02010,PA2711
NA,PA2712
NA,PA2713
NA,PA2714
NA,PA2715
NA,PA2716
NA,PA2717
NA,PA2718
NA,PA2719
NA,PA2720
ko00130,PA2721
NA,PA2722
NA,PA2724
NA,PA2725
NA,PA2726
NA,PA2728
NA,PA2729
NA,PA2730
NA,PA2731
NA,PA2732
NA,PA2733
NA,PA2734
NA,PA2735
NA,PA2736
NA,PA2737
NA,PA2738
ko00970,PA2739
ko00970,PA2740
ko03010,PA2741
ko03010,PA2742
NA,PA2743
ko00970,PA2744
NA,PA2745
NA,PA2747
NA,PA2748
NA,PA2749
NA,PA2750
NA,PA2751
NA,PA2752
NA,PA2753
NA,PA2754
NA,PA2755
NA,PA2756
NA,PA2757
NA,PA2758
NA,PA2760
NA,PA2761
NA,PA2762
NA,PA2764
NA,PA2765
NA,PA2766
NA,PA2767
NA,PA2768
NA,PA2769
NA,PA2770
NA,PA2771
NA,PA2773
NA,PA2774
NA,PA2775
ko00330,PA2776
NA,PA2777
NA,PA2778
NA,PA2779
NA,PA2780
NA,PA2782
NA,PA2783
NA,PA2784
NA,PA2785
NA,PA2786
NA,PA2787
ko02020,PA2788
NA,PA2789
NA,PA2790
NA,PA2793
NA,PA2795
ko00030,PA2796
NA,PA2797
NA,PA2798
NA,PA2799
NA,PA2800
NA,PA2801
NA,PA2802
NA,PA2803
NA,PA2804
NA,PA2805
ko00790,PA2806
NA,PA2807
ko02020,PA2809
ko02020,PA2810
NA,PA2811
NA,PA2812
ko00480,PA2813
NA,PA2814
ko00071,PA2815
NA,PA2817
NA,PA2818
NA,PA2820
ko00480,PA2821
ko00270,PA2822
NA,PA2823
ko02020,PA2824
NA,PA2825
ko00480,PA2826
NA,PA2827
ko00220,PA2828
NA,PA2829
NA,PA2830
NA,PA2831
ko00983,PA2832
NA,PA2833
NA,PA2834
NA,PA2835
NA,PA2836
ko01501,PA2837
NA,PA2838
ko00965,PA2839
ko03018,PA2840
NA,PA2841
ko00270,PA2842
ko00400,PA2843
NA,PA2844
NA,PA2845
NA,PA2846
NA,PA2847
NA,PA2848
NA,PA2849
NA,PA2850
NA,PA2851
NA,PA2852
NA,PA2853
ko01503,PA2854
NA,PA2855
ko01040,PA2856
NA,PA2857
NA,PA2858
NA,PA2859
NA,PA2860
NA,PA2861
ko00561,PA2862
NA,PA2863
NA,PA2864
NA,PA2865
NA,PA2866
ko02020,PA2867
NA,PA2868
NA,PA2869
NA,PA2870
NA,PA2871
NA,PA2872
NA,PA2873
NA,PA2874
NA,PA2875
ko00240,PA2876
NA,PA2877
NA,PA2878
NA,PA2879
NA,PA2880
NA,PA2881
NA,PA2882
NA,PA2883
NA,PA2884
NA,PA2885
NA,PA2886
ko00281,PA2887
ko00281,PA2888
ko00281,PA2889
ko00281,PA2890
ko00280,PA2891
ko00281,PA2892
ko00281,PA2893
NA,PA2894
NA,PA2895
NA,PA2896
NA,PA2897
NA,PA2899
NA,PA2900
NA,PA2901
NA,PA2902
ko00860,PA2903
ko00860,PA2904
ko00860,PA2905
ko00860,PA2906
ko00860,PA2907
ko00860,PA2908
ko00860,PA2909
NA,PA2910
NA,PA2911
ko02010,PA2912
ko02010,PA2913
ko02010,PA2914
NA,PA2915
NA,PA2916
NA,PA2917
ko00121,PA2918
NA,PA2919
ko02020,PA2920
NA,PA2921
ko00360,PA2922
ko02010,PA2923
ko02010,PA2924
ko02010,PA2925
ko02010,PA2926
NA,PA2927
NA,PA2929
NA,PA2930
NA,PA2931
ko00633,PA2932
NA,PA2933
NA,PA2934
NA,PA2936
NA,PA2937
NA,PA2938
NA,PA2939
ko00071,PA2940
NA,PA2941
ko00860,PA2942
ko00400,PA2943
ko00860,PA2944
NA,PA2945
NA,PA2946
ko00860,PA2947
ko00860,PA2948
NA,PA2949
ko00061,PA2950
NA,PA2951
NA,PA2952
NA,PA2953
NA,PA2954
NA,PA2955
NA,PA2956
NA,PA2957
NA,PA2958
NA,PA2959
NA,PA2960
ko00230,PA2961
ko00240,PA2962
NA,PA2963
ko00790,PA2964
ko00061,PA2965
NA,PA2966
ko00061,PA2967
ko00061,PA2968
ko00561,PA2969
ko03010,PA2970
NA,PA2971
NA,PA2972
NA,PA2973
ko00630,PA2974
NA,PA2975
ko03018,PA2976
ko00520,PA2977
NA,PA2978
ko00540,PA2979
NA,PA2980
ko00540,PA2981
NA,PA2982
NA,PA2983
NA,PA2984
NA,PA2985
ko02010,PA2986
ko02010,PA2987
ko02010,PA2988
NA,PA2989
ko00564,PA2990
ko00760,PA2991
NA,PA2992
NA,PA2993
NA,PA2994
NA,PA2995
NA,PA2996
NA,PA2997
NA,PA2998
NA,PA2999
NA,PA3000
ko00010,PA3001
ko03420,PA3002
NA,PA3003
ko00230,PA3004
ko00520,PA3005
NA,PA3006
NA,PA3007
NA,PA3008
NA,PA3009
NA,PA3010
NA,PA3011
NA,PA3012
ko00071,PA3013
ko00071,PA3014
NA,PA3015
NA,PA3016
NA,PA3017
NA,PA3018
NA,PA3019
NA,PA3020
NA,PA3021
NA,PA3022
NA,PA3023
NA,PA3024
ko00564,PA3025
ko00565,PA3026
NA,PA3027
ko00790,PA3028
ko00790,PA3029
ko00790,PA3030
NA,PA3031
NA,PA3032
NA,PA3033
NA,PA3034
ko00480,PA3035
NA,PA3036
NA,PA3037
NA,PA3038
NA,PA3039
NA,PA3040
NA,PA3041
NA,PA3042
ko00230,PA3043
ko02020,PA3044
ko02020,PA3045
NA,PA3046
ko00550,PA3047
NA,PA3048
NA,PA3049
ko00240,PA3050
NA,PA3051
NA,PA3052
NA,PA3053
NA,PA3054
NA,PA3055
NA,PA3056
ko02025,PA3058
ko02025,PA3059
ko02025,PA3060
ko02025,PA3061
ko02025,PA3062
ko02025,PA3063
ko02025,PA3064
NA,PA3065
NA,PA3066
NA,PA3067
ko00220,PA3068
NA,PA3069
NA,PA3070
NA,PA3071
NA,PA3072
NA,PA3073
NA,PA3074
NA,PA3075
NA,PA3076
NA,PA3077
NA,PA3078
NA,PA3079
NA,PA3080
NA,PA3081
NA,PA3082
ko00480,PA3083
NA,PA3084
NA,PA3085
NA,PA3086
NA,PA3087
ko00760,PA3088
NA,PA3089
NA,PA3091
NA,PA3092
NA,PA3093
NA,PA3094
ko03070,PA3095
ko03070,PA3096
ko03070,PA3097
ko03070,PA3098
ko03070,PA3099
ko03070,PA3100
ko03070,PA3101
ko03070,PA3102
ko03070,PA3103
ko03070,PA3104
ko03070,PA3105
NA,PA3106
ko00270,PA3107
ko00230,PA3108
NA,PA3109
NA,PA3110
ko00790,PA3111
ko00061,PA3112
ko00400,PA3113
NA,PA3114
NA,PA3115
ko00260,PA3116
ko00260,PA3117
ko00290,PA3118
NA,PA3119
ko00290,PA3120
ko00290,PA3121
NA,PA3122
NA,PA3123
NA,PA3124
NA,PA3125
NA,PA3126
NA,PA3127
NA,PA3128
NA,PA3129
NA,PA3130
ko00030,PA3131
NA,PA3132
NA,PA3133
ko00860,PA3134
NA,PA3135
NA,PA3136
NA,PA3137
ko03420,PA3138
ko00270,PA3139
NA,PA3140
NA,PA3141
NA,PA3142
NA,PA3143
NA,PA3144
NA,PA3145
ko00052,PA3146
NA,PA3147
ko00520,PA3148
NA,PA3149
NA,PA3150
ko00340,PA3151
ko00340,PA3152
NA,PA3153
ko00520,PA3155
ko00520,PA3156
NA,PA3157
ko00520,PA3158
ko00520,PA3159
NA,PA3160
NA,PA3161
ko03010,PA3162
ko00240,PA3163
ko00340,PA3165
ko00400,PA3166
ko00260,PA3167
NA,PA3168
ko00270,PA3169
ko00270,PA3170
ko00130,PA3171
ko00520,PA3172
NA,PA3173
NA,PA3174
ko00330,PA3175
NA,PA3176
NA,PA3177
NA,PA3178
NA,PA3179
NA,PA3180
ko00030,PA3181
ko00030,PA3182
ko00030,PA3183
NA,PA3184
ko00010,PA3185
NA,PA3186
ko02010,PA3187
ko02010,PA3188
ko02010,PA3189
ko02010,PA3190
ko02020,PA3191
NA,PA3192
ko00010,PA3193
ko00030,PA3194
ko00010,PA3195
NA,PA3196
NA,PA3197
NA,PA3198
NA,PA3199
NA,PA3200
NA,PA3201
NA,PA3202
NA,PA3203
ko01503,PA3204
NA,PA3205
NA,PA3206
NA,PA3207
NA,PA3208
NA,PA3209
NA,PA3210
ko02010,PA3211
ko02010,PA3212
ko02010,PA3213
NA,PA3214
NA,PA3215
NA,PA3216
ko00230,PA3217
NA,PA3219
NA,PA3220
NA,PA3221
NA,PA3222
NA,PA3223
NA,PA3224
NA,PA3225
ko00362,PA3226
ko01503,PA3227
ko02010,PA3228
NA,PA3229
NA,PA3230
NA,PA3231
ko00230,PA3232
NA,PA3233
NA,PA3234
NA,PA3235
ko02010,PA3236
NA,PA3237
NA,PA3238
NA,PA3239
NA,PA3240
NA,PA3241
ko00540,PA3242
NA,PA3243
NA,PA3244
NA,PA3245
NA,PA3246
NA,PA3247
NA,PA3248
NA,PA3249
ko02024,PA3250
NA,PA3251
ko02024,PA3252
ko02024,PA3253
ko02024,PA3254
NA,PA3255
NA,PA3256
NA,PA3257
NA,PA3258
NA,PA3259
NA,PA3260
NA,PA3261
NA,PA3262
NA,PA3263
NA,PA3264
NA,PA3265
NA,PA3266
NA,PA3267
NA,PA3268
NA,PA3269
NA,PA3270
NA,PA3271
NA,PA3272
NA,PA3273
NA,PA3274
NA,PA3275
NA,PA3276
NA,PA3277
NA,PA3278
NA,PA3279
NA,PA3280
NA,PA3281
NA,PA3282
NA,PA3283
NA,PA3284
NA,PA3285
NA,PA3286
NA,PA3287
NA,PA3288
NA,PA3289
NA,PA3290
NA,PA3291
NA,PA3292
NA,PA3293
ko03070,PA3294
NA,PA3295
ko00730,PA3296
NA,PA3297
ko00061,PA3299
ko00061,PA3300
NA,PA3301
NA,PA3302
NA,PA3303
NA,PA3304
NA,PA3305
NA,PA3306
NA,PA3307
NA,PA3308
NA,PA3309
ko00540,PA3310
NA,PA3311
ko00280,PA3312
ko02010,PA3313
ko02010,PA3314
ko02010,PA3315
ko02010,PA3316
NA,PA3317
NA,PA3318
ko00562,PA3319
ko02024,PA3320
NA,PA3321
NA,PA3322
NA,PA3323
NA,PA3324
NA,PA3325
ko04112,PA3326
ko01053,PA3327
ko00405,PA3328
NA,PA3329
NA,PA3330
NA,PA3331
NA,PA3332
ko00061,PA3333
NA,PA3334
NA,PA3335
NA,PA3336
ko00540,PA3337
NA,PA3338
NA,PA3339
NA,PA3340
NA,PA3341
NA,PA3342
NA,PA3343
ko03018,PA3344
ko02020,PA3345
ko02020,PA3346
ko02020,PA3347
ko02020,PA3348
ko02020,PA3349
ko02040,PA3350
ko02020,PA3351
ko02040,PA3352
NA,PA3353
NA,PA3354
NA,PA3355
ko00220,PA3356
ko00260,PA3357
NA,PA3358
NA,PA3359
NA,PA3360
ko02024,PA3361
NA,PA3362
NA,PA3363
ko02010,PA3364
NA,PA3365
ko00330,PA3366
NA,PA3367
NA,PA3368
ko00440,PA3372
ko00030,PA3373
ko00440,PA3374
ko00440,PA3375
NA,PA3376
ko00440,PA3377
ko00440,PA3378
ko00440,PA3379
ko00440,PA3380
NA,PA3381
ko02010,PA3382
ko02010,PA3383
ko02010,PA3384
NA,PA3385
NA,PA3386
NA,PA3387
NA,PA3388
NA,PA3389
NA,PA3390
NA,PA3391
ko00910,PA3392
NA,PA3393
ko02010,PA3394
ko02010,PA3395
NA,PA3396
NA,PA3397
NA,PA3398
NA,PA3399
NA,PA3400
NA,PA3401
NA,PA3402
NA,PA3403
NA,PA3404
NA,PA3405
ko02010,PA3406
NA,PA3407
NA,PA3408
NA,PA3409
NA,PA3410
NA,PA3412
NA,PA3413
ko00010,PA3415
ko00010,PA3416
ko00010,PA3417
ko00280,PA3418
NA,PA3419
NA,PA3420
NA,PA3421
NA,PA3422
NA,PA3423
NA,PA3424
NA,PA3425
ko00071,PA3426
NA,PA3427
NA,PA3428
NA,PA3429
NA,PA3430
NA,PA3431
NA,PA3432
NA,PA3433
NA,PA3434
NA,PA3435
NA,PA3436
ko00670,PA3437
ko00790,PA3438
ko00790,PA3439
NA,PA3440
NA,PA3441
ko00920,PA3442
ko00920,PA3443
ko00920,PA3444
ko00920,PA3445
ko00740,PA3446
ko00920,PA3447
ko00920,PA3448
ko00920,PA3449
NA,PA3450
NA,PA3451
ko00020,PA3452
NA,PA3453
ko00071,PA3454
NA,PA3455
NA,PA3456
NA,PA3457
NA,PA3458
ko00250,PA3459
NA,PA3460
NA,PA3461
NA,PA3462
NA,PA3463
NA,PA3464
NA,PA3465
NA,PA3466
NA,PA3467
NA,PA3468
NA,PA3469
NA,PA3470
ko00620,PA3471
ko00520,PA3472
NA,PA3473
NA,PA3474
ko00400,PA3475
ko00270,PA3476
ko02020,PA3477
ko02024,PA3478
ko02024,PA3479
ko00240,PA3480
NA,PA3481
ko00450,PA3482
NA,PA3483
NA,PA3484
ko03070,PA3486
ko00564,PA3487
NA,PA3488
NA,PA3489
NA,PA3490
NA,PA3491
NA,PA3492
NA,PA3493
NA,PA3494
ko03410,PA3495
NA,PA3496
NA,PA3497
ko00361,PA3498
NA,PA3499
NA,PA3500
NA,PA3501
NA,PA3502
ko00260,PA3504
ko00760,PA3505
ko00290,PA3506
NA,PA3507
NA,PA3508
NA,PA3509
NA,PA3510
ko00061,PA3511
NA,PA3512
NA,PA3513
NA,PA3514
NA,PA3515
ko00230,PA3516
ko00230,PA3517
NA,PA3518
NA,PA3519
ko04978,PA3520
NA,PA3521
NA,PA3522
NA,PA3523
ko00620,PA3524
ko00220,PA3525
ko02040,PA3526
ko00240,PA3527
NA,PA3528
ko04214,PA3529
NA,PA3530
ko00860,PA3531
NA,PA3532
NA,PA3533
NA,PA3534
NA,PA3535
ko00220,PA3537
ko02010,PA3538
NA,PA3539
ko00040,PA3540
ko00051,PA3541
ko00051,PA3542
NA,PA3543
NA,PA3544
ko00051,PA3545
NA,PA3546
ko00051,PA3547
NA,PA3548
NA,PA3549
NA,PA3550
ko00051,PA3551
ko00520,PA3552
ko00520,PA3553
ko00052,PA3554
ko00520,PA3555
ko01503,PA3556
ko01503,PA3557
ko01503,PA3558
ko00040,PA3559
ko00051,PA3560
ko00010,PA3561
ko00051,PA3562
NA,PA3563
NA,PA3564
NA,PA3565
NA,PA3566
NA,PA3567
ko00640,PA3568
ko00280,PA3569
ko00280,PA3570
NA,PA3571
NA,PA3572
NA,PA3573
ko01501,PA3574
NA,PA3575
NA,PA3576
NA,PA3578
ko00561,PA3579
NA,PA3580
NA,PA3581
ko00561,PA3582
NA,PA3583
ko00564,PA3584
NA,PA3585
NA,PA3586
NA,PA3587
NA,PA3588
ko00071,PA3589
ko00360,PA3590
ko00071,PA3591
NA,PA3592
NA,PA3593
NA,PA3594
NA,PA3595
NA,PA3596
NA,PA3597
NA,PA3598
NA,PA3599
ko03010,PA3600
ko03010,PA3601
NA,PA3602
ko00561,PA3603
NA,PA3604
NA,PA3605
NA,PA3606
ko02010,PA3607
ko02010,PA3608
ko02010,PA3609
ko02010,PA3610
NA,PA3611
NA,PA3612
NA,PA3613
NA,PA3614
ko00230,PA3615
NA,PA3616
ko03440,PA3617
ko00760,PA3618
NA,PA3619
ko03430,PA3620
NA,PA3621
ko02026,PA3622
NA,PA3623
NA,PA3624
ko00230,PA3625
NA,PA3626
ko00900,PA3627
ko00680,PA3628
ko00010,PA3629
NA,PA3630
NA,PA3631
NA,PA3632
ko00900,PA3633
NA,PA3634
ko00010,PA3635
ko00540,PA3636
ko00240,PA3637
NA,PA3638
ko00061,PA3639
ko00230,PA3640
NA,PA3641
ko03030,PA3642
ko00540,PA3643
ko00540,PA3644
ko00061,PA3645
ko00540,PA3646
NA,PA3647
NA,PA3648
ko02024,PA3649
ko00900,PA3650
ko00564,PA3651
ko00900,PA3652
NA,PA3653
ko00240,PA3654
NA,PA3655
ko03010,PA3656
NA,PA3657
ko02020,PA3658
ko00300,PA3659
NA,PA3660
NA,PA3661
NA,PA3663
NA,PA3664
NA,PA3665
ko00300,PA3666
NA,PA3667
NA,PA3668
NA,PA3669
NA,PA3670
NA,PA3671
NA,PA3672
ko00561,PA3673
NA,PA3674
NA,PA3675
ko01501,PA3676
NA,PA3677
NA,PA3678
NA,PA3679
NA,PA3680
NA,PA3681
NA,PA3682
NA,PA3683
NA,PA3684
NA,PA3685
ko00230,PA3686
ko00620,PA3687
NA,PA3688
NA,PA3689
NA,PA3690
NA,PA3691
NA,PA3692
NA,PA3693
NA,PA3694
NA,PA3695
NA,PA3696
NA,PA3697
NA,PA3698
NA,PA3699
ko00970,PA3700
ko02020,PA3702
ko02020,PA3703
ko02020,PA3704
ko02020,PA3705
ko02020,PA3706
ko02020,PA3707
ko02020,PA3708
NA,PA3709
ko00260,PA3710
NA,PA3711
NA,PA3712
ko00330,PA3713
ko02020,PA3714
NA,PA3715
ko02010,PA3716
NA,PA3717
NA,PA3718
NA,PA3720
ko01501,PA3721
NA,PA3722
NA,PA3723
ko01503,PA3724
ko03410,PA3725
NA,PA3726
NA,PA3727
NA,PA3728
NA,PA3729
NA,PA3730
NA,PA3731
NA,PA3732
NA,PA3733
NA,PA3734
ko00260,PA3735
ko00260,PA3736
NA,PA3737
NA,PA3738
NA,PA3739
NA,PA3740
NA,PA3741
ko03010,PA3742
NA,PA3743
NA,PA3744
ko03010,PA3745
ko02024,PA3746
NA,PA3747
NA,PA3748
NA,PA3749
NA,PA3750
ko00230,PA3751
NA,PA3752
NA,PA3753
NA,PA3754
NA,PA3755
NA,PA3756
NA,PA3757
ko00520,PA3758
ko00250,PA3759
ko00051,PA3760
ko00010,PA3761
ko05134,PA3762
ko00230,PA3763
NA,PA3764
NA,PA3765
NA,PA3766
NA,PA3767
ko00860,PA3768
ko00230,PA3769
ko00230,PA3770
NA,PA3771
NA,PA3772
NA,PA3773
NA,PA3774
NA,PA3775
NA,PA3776
ko03430,PA3777
NA,PA3778
NA,PA3779
NA,PA3780
NA,PA3781
NA,PA3782
NA,PA3783
NA,PA3784
NA,PA3785
NA,PA3787
NA,PA3789
NA,PA3790
NA,PA3791
ko00290,PA3792
NA,PA3793
NA,PA3794
NA,PA3795
NA,PA3796
ko00250,PA3797
NA,PA3798
NA,PA3799
NA,PA3800
NA,PA3801
ko00970,PA3802
ko00900,PA3803
NA,PA3804
NA,PA3805
NA,PA3806
ko00230,PA3807
NA,PA3808
NA,PA3809
NA,PA3810
NA,PA3811
NA,PA3812
NA,PA3813
ko00730,PA3814
NA,PA3815
ko00270,PA3816
NA,PA3817
ko00521,PA3818
NA,PA3819
ko03060,PA3820
ko03060,PA3821
ko02024,PA3822
NA,PA3823
NA,PA3824
NA,PA3825
NA,PA3826
ko02010,PA3827
ko02010,PA3828
NA,PA3829
NA,PA3830
ko00480,PA3831
ko00230,PA3832
NA,PA3833
ko00970,PA3834
NA,PA3836
NA,PA3837
NA,PA3838
NA,PA3839
NA,PA3840
NA,PA3841
NA,PA3842
NA,PA3844
ko02026,PA3845
NA,PA3846
NA,PA3847
NA,PA3848
NA,PA3849
NA,PA3850
NA,PA3851
NA,PA3852
NA,PA3853
NA,PA3854
NA,PA3855
NA,PA3856
ko00564,PA3857
ko02010,PA3858
NA,PA3859
NA,PA3860
ko03018,PA3861
ko00472,PA3862
ko00472,PA3863
NA,PA3864
ko02010,PA3865
NA,PA3866
NA,PA3867
NA,PA3868
NA,PA3869
ko00790,PA3870
NA,PA3871
ko00910,PA3872
ko02020,PA3873
ko00910,PA3874
ko00910,PA3875
ko00910,PA3876
ko00910,PA3877
ko02020,PA3878
ko02020,PA3879
NA,PA3880
NA,PA3881
NA,PA3882
NA,PA3883
NA,PA3884
NA,PA3885
NA,PA3886
NA,PA3887
ko02010,PA3888
ko02010,PA3889
ko02010,PA3890
ko02010,PA3891
NA,PA3892
NA,PA3893
NA,PA3894
NA,PA3895
ko00030,PA3896
NA,PA3897
NA,PA3898
NA,PA3899
NA,PA3900
NA,PA3901
NA,PA3902
NA,PA3903
NA,PA3904
NA,PA3905
NA,PA3906
NA,PA3908
NA,PA3909
ko00790,PA3910
NA,PA3911
NA,PA3912
ko05120,PA3913
ko00790,PA3914
ko00790,PA3915
ko00790,PA3916
ko04122,PA3917
ko00790,PA3918
NA,PA3919
ko01524,PA3920
NA,PA3921
NA,PA3922
NA,PA3923
NA,PA3924
ko00071,PA3925
NA,PA3926
NA,PA3927
NA,PA3928
ko00190,PA3929
ko00190,PA3930
ko02010,PA3931
NA,PA3932
NA,PA3933
NA,PA3934
ko00430,PA3935
ko00920,PA3936
ko00920,PA3937
ko00920,PA3938
NA,PA3939
NA,PA3940
NA,PA3941
ko01040,PA3942
NA,PA3943
NA,PA3944
NA,PA3945
ko02020,PA3946
NA,PA3947
ko02020,PA3948
NA,PA3949
ko03018,PA3950
NA,PA3951
NA,PA3952
NA,PA3953
ko00920,PA3954
NA,PA3955
NA,PA3956
NA,PA3957
NA,PA3958
NA,PA3959
NA,PA3960
NA,PA3961
NA,PA3962
NA,PA3963
NA,PA3965
NA,PA3966
NA,PA3967
NA,PA3968
NA,PA3969
ko00230,PA3970
NA,PA3971
NA,PA3972
NA,PA3973
ko02025,PA3974
ko00730,PA3975
ko00730,PA3976
ko00860,PA3977
NA,PA3978
NA,PA3979
NA,PA3980
NA,PA3981
NA,PA3982
NA,PA3983
NA,PA3984
NA,PA3985
NA,PA3986
ko00970,PA3987
NA,PA3988
ko00230,PA3989
NA,PA3990
NA,PA3992
NA,PA3993
NA,PA3994
NA,PA3995
ko00785,PA3996
ko00785,PA3997
NA,PA3998
ko00550,PA3999
NA,PA4000
NA,PA4001
NA,PA4002
ko00550,PA4003
NA,PA4004
NA,PA4005
ko00230,PA4006
ko00330,PA4007
NA,PA4008
NA,PA4009
ko03410,PA4010
ko00550,PA4011
NA,PA4012
NA,PA4013
NA,PA4014
NA,PA4015
NA,PA4016
NA,PA4017
NA,PA4018
ko00130,PA4019
NA,PA4020
NA,PA4021
ko00010,PA4022
NA,PA4023
ko00564,PA4024
ko00564,PA4025
NA,PA4026
NA,PA4027
NA,PA4029
NA,PA4030
ko00190,PA4031
NA,PA4032
NA,PA4034
NA,PA4035
NA,PA4036
NA,PA4037
NA,PA4038
NA,PA4039
NA,PA4040
NA,PA4041
ko03430,PA4042
ko00900,PA4043
ko00730,PA4044
ko02010,PA4045
NA,PA4046
ko00740,PA4047
ko04112,PA4048
NA,PA4049
ko00564,PA4050
ko00730,PA4051
NA,PA4052
ko00740,PA4053
ko00740,PA4054
ko00740,PA4055
ko00740,PA4056
NA,PA4057
NA,PA4059
NA,PA4060
ko04621,PA4061
NA,PA4062
NA,PA4063
NA,PA4064
NA,PA4065
NA,PA4066
NA,PA4067
ko00052,PA4068
ko00521,PA4069
NA,PA4070
NA,PA4071
NA,PA4072
ko00360,PA4073
NA,PA4074
NA,PA4075
NA,PA4076
NA,PA4077
ko01053,PA4078
NA,PA4079
ko02020,PA4080
NA,PA4081
NA,PA4082
NA,PA4083
ko05133,PA4084
NA,PA4085
ko05133,PA4086
NA,PA4087
ko00860,PA4088
ko00061,PA4089
NA,PA4090
ko00350,PA4091
ko00240,PA4092
NA,PA4093
NA,PA4094
ko00363,PA4095
NA,PA4096
ko00362,PA4097
NA,PA4098
NA,PA4099
ko00260,PA4100
NA,PA4101
NA,PA4102
NA,PA4103
NA,PA4104
NA,PA4105
NA,PA4106
NA,PA4107
NA,PA4108
ko01501,PA4109
ko01501,PA4110
NA,PA4111
NA,PA4112
NA,PA4113
ko00330,PA4114
ko00230,PA4115
NA,PA4116
NA,PA4117
NA,PA4118
NA,PA4119
NA,PA4120
ko00350,PA4121
ko00350,PA4122
ko00350,PA4123
ko00350,PA4124
ko00350,PA4125
NA,PA4126
ko00350,PA4127
ko00350,PA4128
NA,PA4129
ko00920,PA4130
NA,PA4131
NA,PA4132
ko00190,PA4133
NA,PA4134
NA,PA4135
NA,PA4136
NA,PA4137
ko00970,PA4138
NA,PA4139
NA,PA4140
ko04626,PA4142
ko02010,PA4143
ko01501,PA4144
NA,PA4145
NA,PA4147
ko00650,PA4148
NA,PA4149
NA,PA4150
NA,PA4151
ko00010,PA4152
ko00650,PA4153
NA,PA4154
NA,PA4155
NA,PA4156
NA,PA4157
ko02010,PA4158
ko02010,PA4159
ko02010,PA4160
ko02010,PA4161
NA,PA4162
ko00330,PA4163
NA,PA4164
NA,PA4165
NA,PA4166
NA,PA4167
NA,PA4168
NA,PA4169
NA,PA4170
NA,PA4171
ko03410,PA4172
NA,PA4173
NA,PA4174
NA,PA4175
NA,PA4176
NA,PA4177
NA,PA4178
NA,PA4179
ko00290,PA4180
NA,PA4181
NA,PA4182
NA,PA4183
NA,PA4184
NA,PA4185
NA,PA4186
NA,PA4187
ko00261,PA4188
ko00330,PA4189
NA,PA4190
NA,PA4191
ko02010,PA4192
ko02010,PA4193
NA,PA4194
NA,PA4195
NA,PA4196
NA,PA4197
NA,PA4198
NA,PA4199
NA,PA4200
ko00473,PA4201
ko00910,PA4202
NA,PA4203
NA,PA4204
NA,PA4205
ko02024,PA4206
ko02024,PA4207
NA,PA4208
ko00405,PA4209
ko00405,PA4210
ko00405,PA4211
ko00400,PA4212
ko00405,PA4213
ko00405,PA4214
ko00405,PA4215
ko00405,PA4216
ko00362,PA4217
NA,PA4218
NA,PA4219
NA,PA4221
NA,PA4222
NA,PA4223
ko01053,PA4224
ko01053,PA4225
ko01053,PA4226
NA,PA4227
ko01053,PA4228
NA,PA4229
ko01053,PA4230
ko00130,PA4231
ko03030,PA4232
NA,PA4233
ko03420,PA4234
ko00860,PA4235
ko00380,PA4236
ko03010,PA4237
ko00230,PA4238
ko03010,PA4239
ko03010,PA4240
ko03010,PA4241
ko03010,PA4242
ko02024,PA4243
ko03010,PA4244
ko03010,PA4245
ko03010,PA4246
ko03010,PA4247
ko03010,PA4248
ko03010,PA4249
ko03010,PA4250
ko03010,PA4251
ko03010,PA4252
ko03010,PA4253
ko03010,PA4254
ko03010,PA4255
ko03010,PA4256
ko03010,PA4257
ko03010,PA4258
ko03010,PA4259
ko03010,PA4260
ko03010,PA4261
ko03010,PA4262
ko03010,PA4263
ko03010,PA4264
NA,PA4265
NA,PA4266
ko03010,PA4267
ko03010,PA4268
ko00230,PA4269
ko00230,PA4270
ko03010,PA4271
ko03010,PA4272
ko03010,PA4273
ko03010,PA4274
NA,PA4275
ko02024,PA4276
NA,PA4277
NA,PA4278
ko00770,PA4279
ko00780,PA4280
NA,PA4281
NA,PA4282
ko03440,PA4283
ko03440,PA4284
ko03440,PA4285
NA,PA4286
NA,PA4287
NA,PA4288
NA,PA4289
ko02020,PA4290
NA,PA4291
NA,PA4292
NA,PA4293
NA,PA4294
NA,PA4295
NA,PA4296
NA,PA4297
NA,PA4298
NA,PA4299
NA,PA4300
NA,PA4301
NA,PA4302
NA,PA4303
NA,PA4304
NA,PA4305
ko04112,PA4306
ko02020,PA4307
NA,PA4308
ko02020,PA4309
ko02020,PA4310
NA,PA4311
NA,PA4312
NA,PA4313
ko00630,PA4314
NA,PA4315
ko03430,PA4316
NA,PA4317
NA,PA4318
NA,PA4319
NA,PA4320
NA,PA4321
NA,PA4322
NA,PA4323
NA,PA4324
NA,PA4325
NA,PA4326
NA,PA4327
NA,PA4328
ko00010,PA4329
NA,PA4330
NA,PA4331
ko02025,PA4332
ko00020,PA4333
NA,PA4334
NA,PA4335
NA,PA4336
NA,PA4337
NA,PA4338
NA,PA4339
NA,PA4340
NA,PA4341
ko00330,PA4342
NA,PA4343
ko00360,PA4344
NA,PA4345
NA,PA4346
NA,PA4347
NA,PA4348
NA,PA4349
NA,PA4350
ko00561,PA4351
NA,PA4352
ko00770,PA4353
NA,PA4354
NA,PA4355
ko00633,PA4356
NA,PA4357
NA,PA4358
NA,PA4359
NA,PA4361
NA,PA4362
NA,PA4363
NA,PA4364
NA,PA4365
ko04013,PA4366
ko02025,PA4367
NA,PA4368
NA,PA4369
NA,PA4370
NA,PA4371
NA,PA4372
NA,PA4373
ko01501,PA4374
ko01501,PA4375
ko00760,PA4376
NA,PA4377
NA,PA4378
NA,PA4379
NA,PA4380
NA,PA4381
NA,PA4382
NA,PA4383
NA,PA4384
ko03018,PA4385
NA,PA4386
NA,PA4387
NA,PA4388
ko00061,PA4389
NA,PA4390
NA,PA4391
NA,PA4392
ko01501,PA4393
NA,PA4394
NA,PA4395
NA,PA4396
ko00770,PA4397
NA,PA4398
ko00860,PA4399
NA,PA4400
ko00480,PA4401
ko00220,PA4402
ko02024,PA4403
NA,PA4404
NA,PA4405
ko00540,PA4406
ko04112,PA4407
ko04112,PA4408
ko04112,PA4409
ko00473,PA4410
ko00471,PA4411
ko00550,PA4412
ko04112,PA4413
ko00471,PA4414
ko00550,PA4415
ko00300,PA4416
ko00300,PA4417
ko00550,PA4418
NA,PA4419
NA,PA4420
NA,PA4421
NA,PA4422
NA,PA4423
NA,PA4424
ko00540,PA4425
NA,PA4426
NA,PA4427
NA,PA4428
ko00190,PA4429
ko00190,PA4430
ko00190,PA4431
ko03010,PA4432
ko03010,PA4433
NA,PA4434
ko00071,PA4435
NA,PA4436
NA,PA4437
NA,PA4438
ko00970,PA4439
NA,PA4440
NA,PA4441
ko00230,PA4442
ko00230,PA4443
NA,PA4444
NA,PA4445
NA,PA4446
ko00340,PA4447
ko00340,PA4448
ko00340,PA4449
ko00520,PA4450
NA,PA4451
ko02010,PA4452
ko02010,PA4453
ko02010,PA4454
ko02010,PA4455
ko02010,PA4456
ko00540,PA4457
ko00540,PA4458
NA,PA4459
NA,PA4460
ko02010,PA4461
ko02020,PA4462
NA,PA4463
ko02060,PA4464
NA,PA4465
ko02060,PA4466
NA,PA4467
ko04013,PA4468
NA,PA4469
ko00020,PA4470
NA,PA4471
NA,PA4472
NA,PA4473
NA,PA4474
ko00380,PA4475
NA,PA4476
NA,PA4477
NA,PA4478
NA,PA4479
NA,PA4480
NA,PA4481
ko00970,PA4482
ko00970,PA4483
ko00970,PA4484
NA,PA4485
ko00362,PA4486
NA,PA4487
NA,PA4488
NA,PA4489
NA,PA4490
NA,PA4491
NA,PA4492
ko02020,PA4493
ko02020,PA4494
NA,PA4495
ko02010,PA4496
ko02010,PA4497
NA,PA4498
NA,PA4499
ko02010,PA4500
NA,PA4501
ko02010,PA4502
ko01503,PA4503
ko02010,PA4504
ko01501,PA4505
ko01503,PA4506
NA,PA4507
NA,PA4508
NA,PA4509
NA,PA4510
NA,PA4511
NA,PA4512
ko00920,PA4513
NA,PA4514
NA,PA4515
NA,PA4516
ko00540,PA4517
NA,PA4518
ko00300,PA4519
ko02020,PA4520
NA,PA4521
NA,PA4522
NA,PA4523
ko00760,PA4524
ko02020,PA4525
NA,PA4526
ko03070,PA4528
ko00770,PA4529
NA,PA4530
NA,PA4531
NA,PA4532
NA,PA4533
NA,PA4534
NA,PA4535
NA,PA4536
NA,PA4537
ko00190,PA4538
NA,PA4539
NA,PA4540
NA,PA4541
ko04213,PA4542
NA,PA4543
NA,PA4544
NA,PA4545
ko02020,PA4546
ko02020,PA4547
ko00730,PA4548
NA,PA4549
NA,PA4550
NA,PA4551
NA,PA4552
NA,PA4553
NA,PA4554
NA,PA4555
NA,PA4556
ko00900,PA4557
NA,PA4558
ko03060,PA4559
ko00970,PA4560
ko00740,PA4561
NA,PA4562
ko03010,PA4563
NA,PA4564
ko00330,PA4565
NA,PA4566
ko03010,PA4567
ko03010,PA4568
ko00900,PA4569
NA,PA4570
NA,PA4571
NA,PA4572
NA,PA4573
NA,PA4574
NA,PA4575
NA,PA4576
NA,PA4577
NA,PA4578
NA,PA4579
NA,PA4580
NA,PA4581
NA,PA4582
NA,PA4583
NA,PA4584
NA,PA4585
NA,PA4586
NA,PA4587
ko00220,PA4588
NA,PA4589
NA,PA4590
NA,PA4591
NA,PA4592
NA,PA4593
NA,PA4594
NA,PA4595
NA,PA4596
ko01501,PA4597
ko01501,PA4598
ko01501,PA4599
NA,PA4600
NA,PA4601
ko00260,PA4602
NA,PA4603
NA,PA4604
NA,PA4605
NA,PA4606
NA,PA4607
NA,PA4608
NA,PA4609
NA,PA4610
NA,PA4611
NA,PA4612
ko00380,PA4613
NA,PA4614
NA,PA4615
ko02020,PA4616
NA,PA4617
NA,PA4618
NA,PA4619
NA,PA4620
NA,PA4621
NA,PA4622
NA,PA4623
NA,PA4624
NA,PA4625
ko00260,PA4626
NA,PA4627
NA,PA4628
NA,PA4629
NA,PA4630
NA,PA4631
NA,PA4632
ko02020,PA4633
NA,PA4634
NA,PA4635
NA,PA4636
NA,PA4637
NA,PA4639
ko00020,PA4640
NA,PA4642
NA,PA4643
NA,PA4644
ko00230,PA4645
ko00240,PA4646
NA,PA4647
NA,PA4648
NA,PA4649
NA,PA4650
NA,PA4651
ko05133,PA4652
NA,PA4653
NA,PA4654
ko00860,PA4655
NA,PA4656
NA,PA4657
NA,PA4658
ko02026,PA4659
NA,PA4660
NA,PA4661
ko00471,PA4662
ko04122,PA4663
NA,PA4664
NA,PA4665
ko00860,PA4666
NA,PA4667
NA,PA4668
ko00900,PA4669
ko00030,PA4670
ko03010,PA4671
NA,PA4672
NA,PA4673
NA,PA4674
NA,PA4675
ko00910,PA4676
NA,PA4677
NA,PA4678
NA,PA4679
NA,PA4680
NA,PA4681
NA,PA4682
NA,PA4683
NA,PA4684
NA,PA4685
NA,PA4686
ko02010,PA4687
ko02010,PA4688
NA,PA4689
NA,PA4691
NA,PA4692
ko00260,PA4693
ko00290,PA4694
ko00290,PA4695
ko00290,PA4696
NA,PA4697
ko00521,PA4698
NA,PA4699
ko00550,PA4700
NA,PA4701
NA,PA4702
NA,PA4703
NA,PA4704
NA,PA4705
ko02010,PA4706
ko02010,PA4707
ko02010,PA4708
NA,PA4709
NA,PA4710
NA,PA4711
NA,PA4712
NA,PA4713
NA,PA4714
NA,PA4715
NA,PA4716
NA,PA4717
NA,PA4718
NA,PA4719
NA,PA4720
NA,PA4721
NA,PA4722
ko02026,PA4723
NA,PA4724
NA,PA4725
NA,PA4726
ko03018,PA4727
ko00790,PA4728
ko00770,PA4729
ko00410,PA4730
ko00410,PA4731
ko00010,PA4732
ko00010,PA4733
NA,PA4734
NA,PA4735
NA,PA4736
NA,PA4737
NA,PA4738
NA,PA4739
ko00230,PA4740
ko03010,PA4741
NA,PA4742
NA,PA4743
NA,PA4744
NA,PA4745
NA,PA4746
ko02024,PA4747
ko00010,PA4748
ko00520,PA4749
ko00790,PA4750
NA,PA4751
NA,PA4752
NA,PA4753
NA,PA4754
NA,PA4755
ko00240,PA4756
NA,PA4757
ko00240,PA4758
ko00261,PA4759
NA,PA4760
ko03018,PA4761
NA,PA4762
NA,PA4763
NA,PA4764
NA,PA4765
NA,PA4766
NA,PA4767
NA,PA4768
NA,PA4769
NA,PA4770
ko00620,PA4771
NA,PA4772
ko00270,PA4773
ko00270,PA4774
NA,PA4775
ko02020,PA4776
ko02020,PA4777
NA,PA4778
NA,PA4779
ko03008,PA4780
ko02020,PA4781
NA,PA4783
NA,PA4784
ko00071,PA4785
ko00061,PA4786
NA,PA4787
NA,PA4788
NA,PA4789
NA,PA4790
NA,PA4791
ko00564,PA4792
NA,PA4793
NA,PA4794
NA,PA4795
ko00260,PA4796
NA,PA4797
NA,PA4798
NA,PA4799
NA,PA4800
NA,PA4801
ko00760,PA4802
NA,PA4803
ko02024,PA4804
ko00330,PA4805
NA,PA4806
NA,PA4807
ko00450,PA4808
NA,PA4809
ko00630,PA4810
ko00630,PA4811
ko00630,PA4812
ko00561,PA4813
NA,PA4814
ko02024,PA4815
NA,PA4816
NA,PA4817
NA,PA4818
NA,PA4819
NA,PA4820
NA,PA4821
NA,PA4822
NA,PA4824
NA,PA4825
NA,PA4827
NA,PA4828
ko00010,PA4829
NA,PA4830
NA,PA4831
NA,PA4832
NA,PA4833
NA,PA4834
NA,PA4835
NA,PA4836
NA,PA4837
NA,PA4838
ko00330,PA4839
ko03013,PA4840
NA,PA4841
NA,PA4842
NA,PA4843
NA,PA4844
NA,PA4845
ko00400,PA4846
ko00061,PA4847
ko00061,PA4848
NA,PA4849
NA,PA4850
NA,PA4851
NA,PA4852
ko05111,PA4853
ko00230,PA4854
ko00230,PA4855
ko02025,PA4856
NA,PA4857
ko02010,PA4858
ko02010,PA4859
ko02010,PA4860
ko02010,PA4861
ko02010,PA4862
NA,PA4863
NA,PA4864
ko00220,PA4865
ko00440,PA4866
ko00220,PA4867
ko00220,PA4868
NA,PA4870
ko00620,PA4872
NA,PA4873
NA,PA4874
NA,PA4876
NA,PA4877
NA,PA4878
NA,PA4879
ko00860,PA4880
NA,PA4882
NA,PA4883
NA,PA4884
ko02020,PA4885
ko02020,PA4886
NA,PA4887
ko00591,PA4888
NA,PA4889
NA,PA4890
NA,PA4891
NA,PA4892
NA,PA4893
NA,PA4894
NA,PA4895
NA,PA4896
NA,PA4897
NA,PA4898
ko00010,PA4899
NA,PA4900
ko00627,PA4901
NA,PA4902
NA,PA4903
ko00627,PA4904
ko00627,PA4905
NA,PA4906
ko00240,PA4907
ko00310,PA4908
ko02010,PA4909
ko02010,PA4910
ko02010,PA4911
ko02010,PA4912
ko02010,PA4913
NA,PA4914
ko02020,PA4915
NA,PA4916
ko00760,PA4917
ko00760,PA4918
ko00760,PA4919
ko00760,PA4920
NA,PA4921
NA,PA4922
ko00230,PA4923
NA,PA4924
NA,PA4925
NA,PA4926
NA,PA4927
NA,PA4928
NA,PA4929
ko00473,PA4930
ko03030,PA4931
ko03010,PA4932
NA,PA4933
ko03010,PA4934
ko03010,PA4935
NA,PA4936
ko03018,PA4937
ko00230,PA4938
ko00340,PA4939
NA,PA4940
NA,PA4941
NA,PA4942
NA,PA4943
ko02024,PA4944
ko00908,PA4945
ko03430,PA4946
ko01503,PA4947
NA,PA4948
NA,PA4949
NA,PA4950
ko03008,PA4951
ko00730,PA4952
ko02030,PA4953
ko02020,PA4954
NA,PA4955
ko00270,PA4956
ko00564,PA4957
NA,PA4958
ko02025,PA4959
ko00260,PA4960
NA,PA4961
NA,PA4962
NA,PA4963
NA,PA4964
ko04112,PA4965
NA,PA4966
NA,PA4967
NA,PA4968
ko00230,PA4969
NA,PA4970
ko00230,PA4971
NA,PA4972
ko00730,PA4973
ko01501,PA4974
ko00130,PA4975
ko00220,PA4976
ko00330,PA4977
NA,PA4978
NA,PA4979
ko00360,PA4980
NA,PA4981
NA,PA4982
NA,PA4983
NA,PA4984
ko02024,PA4985
NA,PA4986
NA,PA4987
ko00540,PA4988
NA,PA4989
NA,PA4990
NA,PA4991
NA,PA4992
NA,PA4993
ko00071,PA4994
NA,PA4995
ko00540,PA4996
ko02010,PA4997
NA,PA4998
NA,PA4999
NA,PA5000
NA,PA5001
NA,PA5002
NA,PA5003
NA,PA5004
NA,PA5005
NA,PA5006
NA,PA5007
NA,PA5008
ko00540,PA5009
ko00540,PA5010
ko00540,PA5011
ko00540,PA5012
ko00270,PA5013
NA,PA5014
ko00010,PA5015
ko00010,PA5016
NA,PA5017
NA,PA5018
NA,PA5019
ko00071,PA5020
NA,PA5021
NA,PA5022
NA,PA5023
NA,PA5024
ko00270,PA5025
NA,PA5026
NA,PA5027
NA,PA5028
NA,PA5029
NA,PA5030
NA,PA5031
NA,PA5032
NA,PA5033
ko00860,PA5034
ko00250,PA5035
ko00250,PA5036
NA,PA5037
ko00400,PA5038
ko00400,PA5039
NA,PA5040
NA,PA5041
NA,PA5042
NA,PA5043
NA,PA5044
ko00550,PA5045
ko00620,PA5046
NA,PA5047
NA,PA5048
ko03010,PA5049
ko03440,PA5050
ko00970,PA5051
NA,PA5052
NA,PA5053
NA,PA5054
ko00340,PA5055
ko00650,PA5056
NA,PA5057
ko00650,PA5058
NA,PA5059
NA,PA5060
NA,PA5061
NA,PA5062
ko00130,PA5063
NA,PA5064
NA,PA5065
ko00340,PA5066
ko00340,PA5067
ko03060,PA5068
ko03060,PA5069
ko03060,PA5070
NA,PA5071
ko02020,PA5072
NA,PA5073
ko02010,PA5074
NA,PA5075
NA,PA5076
NA,PA5077
NA,PA5078
NA,PA5079
ko00330,PA5080
NA,PA5081
ko02010,PA5082
NA,PA5083
ko00360,PA5084
NA,PA5085
NA,PA5086
NA,PA5087
NA,PA5088
NA,PA5089
ko03070,PA5090
ko00340,PA5091
ko00340,PA5092
ko00340,PA5093
ko02010,PA5094
ko02010,PA5095
ko02010,PA5096
NA,PA5097
ko00340,PA5098
NA,PA5099
ko00340,PA5100
NA,PA5101
NA,PA5102
ko02010,PA5103
NA,PA5104
NA,PA5105
ko00340,PA5106
NA,PA5107
NA,PA5108
NA,PA5109
ko00010,PA5110
ko00620,PA5111
NA,PA5112
NA,PA5113
NA,PA5114
NA,PA5115
NA,PA5116
NA,PA5117
ko00730,PA5118
ko00220,PA5119
NA,PA5121
NA,PA5122
NA,PA5123
ko02020,PA5124
ko02020,PA5125
NA,PA5126
NA,PA5127
ko02024,PA5128
NA,PA5129
ko00270,PA5130
ko00010,PA5131
NA,PA5132
NA,PA5133
NA,PA5134
NA,PA5135
NA,PA5136
NA,PA5137
NA,PA5138
NA,PA5139
ko00340,PA5140
ko00340,PA5141
ko00340,PA5142
ko00340,PA5143
NA,PA5144
NA,PA5145
NA,PA5146
ko03410,PA5147
NA,PA5148
ko00562,PA5149
NA,PA5150
NA,PA5151
NA,PA5152
ko02010,PA5153
ko02010,PA5154
NA,PA5155
NA,PA5156
NA,PA5157
NA,PA5158
NA,PA5159
NA,PA5160
ko00521,PA5161
ko00521,PA5162
ko00521,PA5163
ko00521,PA5164
ko02020,PA5165
ko02020,PA5166
ko02020,PA5167
ko02020,PA5168
ko02020,PA5169
NA,PA5170
ko00220,PA5171
ko00220,PA5172
ko00220,PA5173
ko00061,PA5174
ko00920,PA5175
ko00230,PA5176
ko00230,PA5177
NA,PA5178
NA,PA5179
NA,PA5180
ko00630,PA5181
NA,PA5182
NA,PA5183
ko00400,PA5184
NA,PA5185
ko00010,PA5186
NA,PA5187
NA,PA5188
NA,PA5189
NA,PA5190
ko00010,PA5192
NA,PA5193
NA,PA5194
NA,PA5195
NA,PA5196
NA,PA5197
NA,PA5198
ko02020,PA5199
ko02020,PA5200
NA,PA5201
ko00360,PA5202
ko00270,PA5203
ko00220,PA5204
NA,PA5205
ko00220,PA5206
NA,PA5207
NA,PA5208
NA,PA5209
ko03070,PA5210
NA,PA5211
NA,PA5212
ko00260,PA5213
ko00260,PA5214
ko00260,PA5215
ko02010,PA5216
ko02010,PA5217
NA,PA5218
NA,PA5219
NA,PA5220
ko00130,PA5221
NA,PA5222
ko00130,PA5223
NA,PA5224
NA,PA5225
NA,PA5226
NA,PA5227
ko00670,PA5228
NA,PA5229
NA,PA5230
NA,PA5231
NA,PA5232
NA,PA5233
NA,PA5234
NA,PA5235
ko00520,PA5236
ko00130,PA5237
NA,PA5238
ko03018,PA5239
ko04621,PA5240
ko00230,PA5241
ko00190,PA5242
ko00860,PA5243
NA,PA5244
NA,PA5245
NA,PA5246
NA,PA5247
NA,PA5248
NA,PA5249
NA,PA5250
NA,PA5251
NA,PA5252
NA,PA5253
NA,PA5254
NA,PA5255
NA,PA5256
NA,PA5257
ko00860,PA5258
ko00860,PA5259
ko00860,PA5260
ko02020,PA5261
ko02020,PA5262
ko00220,PA5263
NA,PA5264
NA,PA5265
ko03070,PA5266
ko02025,PA5267
NA,PA5268
NA,PA5269
NA,PA5270
NA,PA5271
ko00230,PA5272
NA,PA5273
NA,PA5274
NA,PA5275
NA,PA5276
ko00300,PA5277
ko00300,PA5278
NA,PA5279
NA,PA5280
ko00740,PA5281
NA,PA5282
NA,PA5283
ko05133,PA5284
NA,PA5285
NA,PA5286
NA,PA5287
ko02020,PA5288
NA,PA5289
NA,PA5290
NA,PA5291
NA,PA5292
NA,PA5293
NA,PA5294
NA,PA5295
ko03420,PA5296
ko00620,PA5297
ko00230,PA5298
NA,PA5299
NA,PA5300
NA,PA5301
ko00473,PA5302
NA,PA5303
ko00360,PA5304
NA,PA5305
NA,PA5306
NA,PA5307
NA,PA5308
ko00330,PA5309
ko00564,PA5310
NA,PA5311
ko00330,PA5312
ko00280,PA5313
NA,PA5314
ko03010,PA5315
ko03010,PA5316
ko02010,PA5317
NA,PA5318
NA,PA5319
ko00770,PA5320
ko00240,PA5321
ko00010,PA5322
ko00220,PA5323
NA,PA5324
NA,PA5325
NA,PA5326
NA,PA5327
NA,PA5328
NA,PA5329
NA,PA5330
ko00240,PA5331
ko03410,PA5332
NA,PA5333
NA,PA5334
NA,PA5335
ko00230,PA5336
ko00230,PA5337
ko00230,PA5338
NA,PA5339
NA,PA5340
NA,PA5341
NA,PA5342
NA,PA5343
ko02026,PA5344
ko03440,PA5345
NA,PA5346
NA,PA5347
NA,PA5348
ko00071,PA5349
ko00071,PA5350
NA,PA5351
NA,PA5352
ko00630,PA5353
ko00630,PA5354
ko00630,PA5355
NA,PA5356
ko00130,PA5357
ko00130,PA5358
NA,PA5359
ko02020,PA5360
ko02020,PA5361
NA,PA5362
NA,PA5363
NA,PA5364
NA,PA5365
ko02010,PA5366
ko02010,PA5367
ko02010,PA5368
ko02010,PA5369
NA,PA5370
ko01040,PA5371
ko00260,PA5372
ko00260,PA5373
NA,PA5374
NA,PA5375
ko02010,PA5376
ko02010,PA5377
ko02010,PA5378
ko00260,PA5379
NA,PA5380
NA,PA5381
NA,PA5382
NA,PA5383
NA,PA5384
NA,PA5385
NA,PA5386
NA,PA5387
ko02010,PA5388
NA,PA5389
ko00220,PA5390
NA,PA5391
NA,PA5392
NA,PA5393
ko00564,PA5394
NA,PA5395
NA,PA5396
NA,PA5397
NA,PA5398
NA,PA5399
NA,PA5400
NA,PA5401
NA,PA5402
NA,PA5403
NA,PA5404
NA,PA5406
NA,PA5407
NA,PA5408
NA,PA5409
NA,PA5410
NA,PA5411
NA,PA5412
ko00260,PA5413
NA,PA5414
ko00260,PA5415
ko00260,PA5416
ko00260,PA5417
ko00260,PA5418
ko00260,PA5419
ko00630,PA5420
ko00625,PA5421
ko00010,PA5422
NA,PA5423
NA,PA5424
ko00230,PA5425
ko00230,PA5426
ko00010,PA5427
NA,PA5428
ko00250,PA5429
NA,PA5430
ko00300,PA5431
NA,PA5432
NA,PA5433
NA,PA5434
ko00020,PA5435
ko00020,PA5436
NA,PA5437
NA,PA5438
ko00030,PA5439
ko05120,PA5440
NA,PA5441
NA,PA5442
ko03420,PA5443
NA,PA5444
ko00020,PA5445
NA,PA5446
NA,PA5447
NA,PA5448
NA,PA5449
ko02010,PA5450
ko02010,PA5451
ko00051,PA5452
ko00051,PA5453
ko00051,PA5454
NA,PA5455
NA,PA5456
NA,PA5457
NA,PA5458
NA,PA5459
NA,PA5460
NA,PA5461
NA,PA5462
NA,PA5463
NA,PA5464
NA,PA5465
NA,PA5466
NA,PA5467
NA,PA5468
NA,PA5469
NA,PA5470
ko01501,PA5471
NA,PA5472
NA,PA5473
NA,PA5474
NA,PA5475
NA,PA5476
NA,PA5477
NA,PA5478
NA,PA5479
NA,PA5481
NA,PA5482
ko02020,PA5483
ko02020,PA5484
NA,PA5485
NA,PA5486
ko04112,PA5487
NA,PA5488
ko01503,PA5489
NA,PA5490
ko00190,PA5491
NA,PA5492
ko00230,PA5493
NA,PA5494
ko00260,PA5495
NA,PA5496
ko00230,PA5497
ko02010,PA5498
ko02024,PA5499
ko02010,PA5500
ko02010,PA5501
NA,PA5502
ko02010,PA5503
ko02010,PA5504
ko02010,PA5505
NA,PA5506
NA,PA5507
ko00220,PA5508
NA,PA5509
NA,PA5510
ko02020,PA5511
ko02020,PA5512
NA,PA5513
ko01501,PA5514
NA,PA5515
ko00750,PA5516
NA,PA5517
NA,PA5518
ko01040,PA5519
NA,PA5520
NA,PA5521
ko00220,PA5522
ko00860,PA5523
ko00061,PA5524
NA,PA5525
NA,PA5526
NA,PA5527
NA,PA5528
NA,PA5529
NA,PA5530
NA,PA5531
NA,PA5533
NA,PA5534
NA,PA5535
ko02026,PA5536
NA,PA5537
ko01503,PA5538
ko00790,PA5539
NA,PA5540
ko00240,PA5541
NA,PA5542
NA,PA5543
NA,PA5544
NA,PA5545
NA,PA5546
NA,PA5547
NA,PA5548
ko00250,PA5549
NA,PA5550
NA,PA5551
ko00520,PA5552
ko00190,PA5553
ko00190,PA5554
ko00190,PA5555
ko00190,PA5556
ko00190,PA5558
ko00190,PA5557
NA,PA5569
ko03010,PA5570
ko02024,PA5568
NA,PA5567
NA,PA5564
NA,PA5565
NA,PA5563
NA,PA5561
NA,PA5562
ko00190,PA5559
ko00190,PA5560
ko02020,PA0001
ko00540,PA0006
NA,PA0007
ko00230,PA0002
ko03440,PA0003
NA,PA0004
ko00561,PA0005
ko00970,PA0008
ko00970,PA0009
ko03410,PA0010
ko00540,PA0011
NA,PA0012
NA,PA0013
NA,PA0015
NA,PA0016
NA,PA0017
ko00670,PA0018
NA,PA0019
NA,PA0020
NA,PA0021
NA,PA0022
NA,PA0023
ko00860,PA0024
ko00400,PA0025
NA,PA0457.1
k,PA1552.1
ko00190,PA1555.1
NA,PA4724.1
NA,PA2126.1
ko02020,PA5183.1
NA,PA0053
NA,PA0369
NA,PA1029
NA,PA1122
NA,PA1559
NA,PA2046
NA,PA2451
NA,PA2668
NA,PA2727
NA,PA3503
NA,PA4058
NA,PA4360
NA,PA4875
NA,PA5532
NA,PA0306.1
NA,PA3259.1
NA,PA3440.1
ko04978,PA3574.1
NA,PA1266.1
NA,PA4674.1
NA,PA0716.1
NA,PA0716.2
NA,PA0728.1
